1	Otra vez un gobierno haci√©ndo uso de su poder mencionando en un discurso p√∫blico a un particular @spitta1969 son pat√©ticos
1	@AnaThevenin @spitta1969 Abra que nombrar uno por uno en cada municipio a los vacunados vip y que la gente decida c√≥mo tratarlos.
2	No Kichi: no fue una espantosa campa√±a anti vacunas. Vos y tu esposa no lo entender√≠an jamas. Un economista y una doctora en letras. Por dios. No entendieron nada. BURROS.
2	@spitta1969 @_patitom si era para la foto, sacaban la foto y listo... No regalarles la vacuna a cambio de su alma
3	No Kichi: no fue una espantosa campa√±a anti vacunas. Vos y tu esposa no lo entender√≠an jamas. Un economista y una doctora en letras. Por dios. No entendieron nada. BURROS.
3	@spitta1969 Nos le da para entenderlo en realidad m√°s bien quieren votos as√≠ manejan la vacuna verg√ºenza mundial este gob
4	No Kichi: no fue una espantosa campa√±a anti vacunas. Vos y tu esposa no lo entender√≠an jamas. Un economista y una doctora en letras. Por dios. No entendieron nada. BURROS.
4	@spitta1969 En alg√∫n momento ustedes deber√°n dar explicaciones en la justicia... por eso tanto miedo con la reforma.
5	No Kichi: no fue una espantosa campa√±a anti vacunas. Vos y tu esposa no lo entender√≠an jamas. Un economista y una doctora en letras. Por dios. No entendieron nada. BURROS.
5	@spitta1969 No salen del relato para sus fieles, los dem√°s no interesan. √âsta foto es de Chaco, as√≠ cuidan a la gente! https://t.co/B6AJegmNwr
6	No Kichi: no fue una espantosa campa√±a anti vacunas. Vos y tu esposa no lo entender√≠an jamas. Un economista y una doctora en letras. Por dios. No entendieron nada. BURROS.
6	@spitta1969 Hubo una denuncia PENAL POR ENVENENAMIENTO... a eso como le llamar√≠a?  No pueden m√°s eh! https://t.co/RRAqRbcEd1
7	No Kichi: no fue una espantosa campa√±a anti vacunas. Vos y tu esposa no lo entender√≠an jamas. Un economista y una doctora en letras. Por dios. No entendieron nada. BURROS.
7	@spitta1969 Si lo entiende Sandra, no le impoeta la razon, su causa exige fanatismo no cuestionamientos.
8	No Kichi: no fue una espantosa campa√±a anti vacunas. Vos y tu esposa no lo entender√≠an jamas. Un economista y una doctora en letras. Por dios. No entendieron nada. BURROS.
8	@spitta1969 Burros no, c√≠nicos, lacras, escoria humana.  Los animales no har√≠an lo que hacen estos (in)humanos
9	Todos los funcionarios/as de alto rango tienen que estar vacunados/as. P√∫blicamente, con foto y celebraci√≥n. Y si le molesta a la derecha delirante, que se siga quejando, que igual lo seguir√° haciendo.
9	@NicoOlsze Yo recuerdo y tengo guardados los memes d√≥nde ped√≠an q vacunen a los pol√≠ticos primero. No hay poronga q les venga bien. Lastima q no tengo seguidores. Jajaja
10	Todos los funcionarios/as de alto rango tienen que estar vacunados/as. P√∫blicamente, con foto y celebraci√≥n. Y si le molesta a la derecha delirante, que se siga quejando, que igual lo seguir√° haciendo.
10	@NicoOlsze De acuerdo, pero hubiese sido bueno que lo digan ANTES de que avisara sin querer Verbitsky. Adem√°s de que se vacun√≥ gente que no entra en esa categor√≠a.
11	Todos los funcionarios/as de alto rango tienen que estar vacunados/as. P√∫blicamente, con foto y celebraci√≥n. Y si le molesta a la derecha delirante, que se siga quejando, que igual lo seguir√° haciendo.
11	@NicoOlsze Para que vamos a gastar una vacuna en Cafierito, D√≥nda, Lavagna Meoni Malena Trotta y Sol√°? Hay que vacunar a la gente que sirve al pa√≠s, no a estos cipayos delincuentes
12	Todos los funcionarios/as de alto rango tienen que estar vacunados/as. P√∫blicamente, con foto y celebraci√≥n. Y si le molesta a la derecha delirante, que se siga quejando, que igual lo seguir√° haciendo.
12	"@NicoOlsze La sorpresa que se van a llevar el d√≠a en que se enteren que no todos los que est√°n en contra de este tipo de medidas son parte de ""la derecha delirante""!"
13	"""¬°Buenas noticias! Para los que preguntaban cu√°ndo llegan m√°s vacunas, ayer se firm√≥ el contrato con Sinopharm para la llegada de 3 millones de dosis la semana pr√≥xima"". V√≠a @norabar"
13	@LiliLopezForesi @gracepenafort @norabar En Rosario es muy lento todo. Mayores de 80 inscriptos desde el primer d√≠a y sin turnos
14	"""¬°Buenas noticias! Para los que preguntaban cu√°ndo llegan m√°s vacunas, ayer se firm√≥ el contrato con Sinopharm para la llegada de 3 millones de dosis la semana pr√≥xima"". V√≠a @norabar"
14	@LiliLopezForesi @norabar Que har√° Larreta con las vacunas? Se las regalar√° a alguna prepaga  o tal vez a sus amigos empresarios Dudo que piense en nuestros adultos mayores
15	#AHORA | Estamos en Plaza Alsina en compa√±√≠a de @RubinsteinOk conversando con vecinos y afiliados acerca de las vacunas y la crisis sanitaria.   #AdelanteBuenosAires https://t.co/Uj3WXwyX9p
15	@LuisOtero__ @RubinsteinOk Preguntale porq su patrimonio crecio mas de un 2000% durante el gobierno macrista! Delincuentes!
16	#AHORA | Estamos en Plaza Alsina en compa√±√≠a de @RubinsteinOk conversando con vecinos y afiliados acerca de las vacunas y la crisis sanitaria.   #AdelanteBuenosAires https://t.co/Uj3WXwyX9p
16	@LuisOtero__ @RubinsteinOk 2320% de aumento de patrimonio de ese ladron de guardapolvo. No se les cae la cara viejo.
17	Ya empezamos a ver efectos de la vacunaci√≥n? La proporci√≥n de infectados que son personal de salud disminuy√≥ much√≠simo.  Muy buen gr√°fico de Mart√≠n! üëèüëèüëè https://t.co/msvPNYxhh7
17	@rquiroga777 Caba 110 k vacunados  e personal de  salud deberia haber eectos sobre ese grupo
18	Escapad gente tierna Que esta tierra est√° enferma Y no esperes ma√±ana Lo que no te dio ayer Que no hay nada que hacerüé∂  https://t.co/iG1V2zO4E3 Esta mina es infect√≥loga. INFECT√ìLOGA.
18	@spitta1969 As√≠ no Pitta! Si antes me ca√≠as genial, ahora encima citas al Nano y te ganas un pedacito m√°s de mi cuore.
19	Escapad gente tierna Que esta tierra est√° enferma Y no esperes ma√±ana Lo que no te dio ayer Que no hay nada que hacerüé∂  https://t.co/iG1V2zO4E3 Esta mina es infect√≥loga. INFECT√ìLOGA.
19	@spitta1969 @carlosgf1951 Se viene el bailando pero solo con infectologo
20	Escapad gente tierna Que esta tierra est√° enferma Y no esperes ma√±ana Lo que no te dio ayer Que no hay nada que hacerüé∂  https://t.co/iG1V2zO4E3 Esta mina es infect√≥loga. INFECT√ìLOGA.
20	@spitta1969 Creo que vi solo dos minutos y no la aguant√© m√°s, gritona, agresiva, sin argumentos, tipica K
21	Escapad gente tierna Que esta tierra est√° enferma Y no esperes ma√±ana Lo que no te dio ayer Que no hay nada que hacerüé∂  https://t.co/iG1V2zO4E3 Esta mina es infect√≥loga. INFECT√ìLOGA.
21	@spitta1969 üòÇüòÇ en esa se√±ora puede constatarse que los efectos adversos de la Sputnik son severos y graves
22	Escapad gente tierna Que esta tierra est√° enferma Y no esperes ma√±ana Lo que no te dio ayer Que no hay nada que hacerüé∂  https://t.co/iG1V2zO4E3 Esta mina es infect√≥loga. INFECT√ìLOGA.
22	@spitta1969 Prefiero vivir con cuanto bicho pasee por la galaxia antes de caer en las manos de √©sta militante con titulo ja!
23	Quiero recordar esto, para que no olvidemos que quienes sembraron desconfianza en la vacuna operaron pol√≠ticamente, aunque ahora se hagan los distra√≠dos. https://t.co/NvABYiEeyy
23	@NicoOlsze Sos Kirchnerista, de filosof√≠a y letras y del √±oquicet jajajajajajajaja no te vayas nunca de ah√≠ porque en el sector privado t√© veo complicado
24	Si bien la vacuna de AZ tiene sus problemas, puede igual llegar a ser efectiva. Pero lo interesante es la discusi√≥n. No hay ninguna boba diciendo ES-PEC-TA-CU-LAR! https://t.co/NNxHgxrIvC
24	@spitta1969 Me gustar√≠a que en alg√∫n momento, hablen de las CONTRAINDICACIONES, si las tienen. Desde ya, muchas gracias!!!!
25	Si bien la vacuna de AZ tiene sus problemas, puede igual llegar a ser efectiva. Pero lo interesante es la discusi√≥n. No hay ninguna boba diciendo ES-PEC-TA-CU-LAR! https://t.co/NNxHgxrIvC
25	@spitta1969 Vos no tenes una sano juicio. Te espera las banca en diputados: premio por tu antiperonismo.
26	Si bien la vacuna de AZ tiene sus problemas, puede igual llegar a ser efectiva. Pero lo interesante es la discusi√≥n. No hay ninguna boba diciendo ES-PEC-TA-CU-LAR! https://t.co/NNxHgxrIvC
26	@spitta1969 @AndyWSOK Yo NO ME VACUNO CON NINGUNA hasta dentro de 10 a√±os,  cuando sean seguras!
27	Si bien la vacuna de AZ tiene sus problemas, puede igual llegar a ser efectiva. Pero lo interesante es la discusi√≥n. No hay ninguna boba diciendo ES-PEC-TA-CU-LAR! https://t.co/NNxHgxrIvC
27	@spitta1969 Aparte de boba es una chorra y corrupta me refiero a CFK la jefa de la banda de la corrupci√≥n en la argentina.
28	Si bien la vacuna de AZ tiene sus problemas, puede igual llegar a ser efectiva. Pero lo interesante es la discusi√≥n. No hay ninguna boba diciendo ES-PEC-TA-CU-LAR! https://t.co/NNxHgxrIvC
28	@spitta1969 solo hay  una vieja mal cogida sandri pitti ,qconstantemente sube boludeces a Twitter junto a otro cabeza de termo  el pipi
29	Los que se oponen a las restricciones nocturnas no se dan cuenta que est√°n haciendo fuerza para que haya cuarentena total en 1-2 meses?  O lo saben y por eso lo hacen?
29	@rquiroga777 Me parece que en el fondo todos sabemos que la cuarentena total ya es inevitable. Me parece que las restricciones son el pre√°mbulo.
30	Los que se oponen a las restricciones nocturnas no se dan cuenta que est√°n haciendo fuerza para que haya cuarentena total en 1-2 meses?  O lo saben y por eso lo hacen?
30	@rquiroga777 Despues de leer el Decreto mas vale que estemos vacunados la mayor√≠a o la mayor√≠a estar√°n muertos
31	Los que se oponen a las restricciones nocturnas no se dan cuenta que est√°n haciendo fuerza para que haya cuarentena total en 1-2 meses?  O lo saben y por eso lo hacen?
31	@rquiroga777 Son tan perversos que quieren destruir la econom√≠a...y para eso deben forzar una nueva cuarentena...
32	Los que se oponen a las restricciones nocturnas no se dan cuenta que est√°n haciendo fuerza para que haya cuarentena total en 1-2 meses?  O lo saben y por eso lo hacen?
32	@rquiroga777 1 o 2 meses? Para m√≠ que si no nos rescatamos a fines de enero ya est√° todo podrido ü•∫
33	Los que se oponen a las restricciones nocturnas no se dan cuenta que est√°n haciendo fuerza para que haya cuarentena total en 1-2 meses?  O lo saben y por eso lo hacen?
33	@rquiroga777 Totalmente cierto. Incre√≠ble el ego√≠smo de muchas personas. Parece que todav√≠a no toman dimensi√≥n del contexto en el que estamos
34	Los que se oponen a las restricciones nocturnas no se dan cuenta que est√°n haciendo fuerza para que haya cuarentena total en 1-2 meses?  O lo saben y por eso lo hacen?
34	@rquiroga777 Vos segu√≠s pensando posible la cuarentena total? No pueden controlar ni una fiesta en una playa... Ex-gobierno
35	Los que se oponen a las restricciones nocturnas no se dan cuenta que est√°n haciendo fuerza para que haya cuarentena total en 1-2 meses?  O lo saben y por eso lo hacen?
35	@rquiroga777 Decid√≠ cuidarme yo y el resto que se vaya a la mierda,no reniego ni pido conciencia a nadie,es una lucha perdida
36	Los que se oponen a las restricciones nocturnas no se dan cuenta que est√°n haciendo fuerza para que haya cuarentena total en 1-2 meses?  O lo saben y por eso lo hacen?
36	@rquiroga777 Para mi hay que cerrar los bares con mesas a la calle, nadie usa barbijo... pasar por ah√≠ es casi casi querer contagiarse.
37	Los que se oponen a las restricciones nocturnas no se dan cuenta que est√°n haciendo fuerza para que haya cuarentena total en 1-2 meses?  O lo saben y por eso lo hacen?
37	@rquiroga777 Me inclino apensar que lo hacen por esto √∫ltimo. Cierto sector va en esa direcci√≥n,mal q nos pede.
38	Los que se oponen a las restricciones nocturnas no se dan cuenta que est√°n haciendo fuerza para que haya cuarentena total en 1-2 meses?  O lo saben y por eso lo hacen?
38	@rquiroga777 A est√© pas√≥ qu√© vayan preparando las palas. No hay conciencia ni individual y menos colectiva. Lo vamos a lamentar.
39	Los que se oponen a las restricciones nocturnas no se dan cuenta que est√°n haciendo fuerza para que haya cuarentena total en 1-2 meses?  O lo saben y por eso lo hacen?
39	@rquiroga777 Lamentablemente la cuarentena total ya no depende de la decisi√≥n de un Gobierno. Y eso lo sabemos todos.
40	Los que se oponen a las restricciones nocturnas no se dan cuenta que est√°n haciendo fuerza para que haya cuarentena total en 1-2 meses?  O lo saben y por eso lo hacen?
40	@rquiroga777 En los lugares donde se limita la circulaci√≥n nocturna el efecto de la medida no demuestra efectividad. Chile es un ejemplo.
41	Los que se oponen a las restricciones nocturnas no se dan cuenta que est√°n haciendo fuerza para que haya cuarentena total en 1-2 meses?  O lo saben y por eso lo hacen?
41	@rquiroga777 Te van a criticar si cerr√°s, sino cerr√°s, si ten√©s cuarentena larga o si es muy corta, hoy un est√∫pido le critica el pelo a Vizotti
42	Los que se oponen a las restricciones nocturnas no se dan cuenta que est√°n haciendo fuerza para que haya cuarentena total en 1-2 meses?  O lo saben y por eso lo hacen?
42	@rquiroga777 Una medida efectiva es que se certifique al que incumpla con la no atenci√≥n hospitalaria p√∫blica,que firme y listo
43	Los que se oponen a las restricciones nocturnas no se dan cuenta que est√°n haciendo fuerza para que haya cuarentena total en 1-2 meses?  O lo saben y por eso lo hacen?
43	@rquiroga777 Al ritmo de contagios creciente... c√≥mo estar√≠amos en 20/30 d√≠as?
44	Los que se oponen a las restricciones nocturnas no se dan cuenta que est√°n haciendo fuerza para que haya cuarentena total en 1-2 meses?  O lo saben y por eso lo hacen?
44	@rquiroga777 Mi duda es si va a ser suficiente si no se exige y controla que se cumplan los protocolos durante el resto del tiempo
45	Seamos responsables y solidarios. Practiquemos la cuidadan√≠a y evitemos la segunda ola de Covid-19.  Sigamos cuid√°ndonos.  #ArgentinaUnida #CuidarteEsCuidarnos https://t.co/EcePkkubTO
45	@msalnacion Una consulta. Donde se pueden realizar test COVID 19 las personas que salen del pa√≠s al extranjero. Pa√≠ses habilitados pero con test COVID negativos?
46	Seamos responsables y solidarios. Practiquemos la cuidadan√≠a y evitemos la segunda ola de Covid-19.  Sigamos cuid√°ndonos.  #ArgentinaUnida #CuidarteEsCuidarnos https://t.co/EcePkkubTO
46	@msalnacion Buen dia, podrian informar la cantidad de personas que constituyen el universo de la poblacion de riesgo en la argentina y las categor√≠as q la componen?
47	Seamos responsables y solidarios. Practiquemos la cuidadan√≠a y evitemos la segunda ola de Covid-19.  Sigamos cuid√°ndonos.  #ArgentinaUnida #CuidarteEsCuidarnos https://t.co/EcePkkubTO
47	@msalnacion A ver desforestados mentales; no es m√°s f√°cil hacer tests y poner en cuarentena a la gente que vuelve del exterior que cerrar las fronteras cuando ya hay cepas aut√≥ctonas?
48	Se queja de los que no se quieren vacunar pero hace un mes militaba desconfianza en la Sputnik V porque no hab√≠a sido aprobada en Europa y/o EEUU.  ü§∑‚Äç‚ôÇÔ∏èü§∑‚Äç‚ôÇÔ∏èü§∑‚Äç‚ôÇÔ∏èü§∑‚Äç‚ôÇÔ∏èü§∑‚Äç‚ôÇÔ∏è https://t.co/M2tXuOI0CG
48	@rquiroga777 Se lo dije, me dijo tarado y me bloqueo. Creo que no era el brillante m√©dico cient√≠fico que algunos dicen que era....
49	Se queja de los que no se quieren vacunar pero hace un mes militaba desconfianza en la Sputnik V porque no hab√≠a sido aprobada en Europa y/o EEUU.  ü§∑‚Äç‚ôÇÔ∏èü§∑‚Äç‚ôÇÔ∏èü§∑‚Äç‚ôÇÔ∏èü§∑‚Äç‚ôÇÔ∏èü§∑‚Äç‚ôÇÔ∏è https://t.co/M2tXuOI0CG
49	@rquiroga777 No se entiende c√≥mo alguien que desvar√≠a as√≠ est√° habilitado para ejercer la medicina durante una pandemia.
50	Se queja de los que no se quieren vacunar pero hace un mes militaba desconfianza en la Sputnik V porque no hab√≠a sido aprobada en Europa y/o EEUU.  ü§∑‚Äç‚ôÇÔ∏èü§∑‚Äç‚ôÇÔ∏èü§∑‚Äç‚ôÇÔ∏èü§∑‚Äç‚ôÇÔ∏èü§∑‚Äç‚ôÇÔ∏è https://t.co/M2tXuOI0CG
50	@rquiroga777 Lo importante es que a la dosis se la den a ALGUIEN. Si justo un amigo suyo no la quiere, bueno qu√© pena. https://t.co/tfjHyjB6Nj
51	Se queja de los que no se quieren vacunar pero hace un mes militaba desconfianza en la Sputnik V porque no hab√≠a sido aprobada en Europa y/o EEUU.  ü§∑‚Äç‚ôÇÔ∏èü§∑‚Äç‚ôÇÔ∏èü§∑‚Äç‚ôÇÔ∏èü§∑‚Äç‚ôÇÔ∏èü§∑‚Äç‚ôÇÔ∏è https://t.co/M2tXuOI0CG
51	@rquiroga777 Yo dir√≠a que empiece por poner una foto de perfil, que le haga m√°s cre√≠ble sus argumentos , como primer medida....
52	Se queja de los que no se quieren vacunar pero hace un mes militaba desconfianza en la Sputnik V porque no hab√≠a sido aprobada en Europa y/o EEUU.  ü§∑‚Äç‚ôÇÔ∏èü§∑‚Äç‚ôÇÔ∏èü§∑‚Äç‚ôÇÔ∏èü§∑‚Äç‚ôÇÔ∏èü§∑‚Äç‚ôÇÔ∏è https://t.co/M2tXuOI0CG
52	@rquiroga777 Y la nueva de alabar a Chile que aplica una vacuna sin las famosas publicaciones y la mitad de efectividad que Sputnik? Es incre√≠ble.
53	"‚ö† La detecci√≥n precoz de la lepra es fundamental para reducir las lesiones f√≠sicas y acelerar la curaci√≥n.   üëâüèª El tratamiento es seguro y gratuito en todo el pa√≠s.  ‚ûï info üîª https://t.co/fxecMu6AdE https://t.co/RloXJasXBQ"
53	@msalnacion Hablan de la lepra. Y la vacuna del covid!!!! Donde esta. Que negociados hicieron. No se dan cuenta que la gente la est√° pasando muy mal!!!! Que van a hacer para resolver esto
54	"‚ö† La detecci√≥n precoz de la lepra es fundamental para reducir las lesiones f√≠sicas y acelerar la curaci√≥n.   üëâüèª El tratamiento es seguro y gratuito en todo el pa√≠s.  ‚ûï info üîª https://t.co/fxecMu6AdE https://t.co/RloXJasXBQ"
54	@msalnacion Lepra? A√±o 2021...Porqu√© el Ministerio de Salud de la Naci√≥n hace esta publicaci√≥n?
55	Vamos a homenajear a Mat√≠as en cada paper, en cada estudiante de biolog√≠a, en cada graduado, en cada derecho, en cada vacuna y en cada cosa linda y justa que d√© la vida. https://t.co/1fH4B86wrc
55	@ernestorr Sea lo que sea que se haya muerto esta bien muerto seguro era un investigador del √±oquicet que se dedicaba a sembrar miedo en la poblaci√≥n.
56	Vamos a homenajear a Mat√≠as en cada paper, en cada estudiante de biolog√≠a, en cada graduado, en cada derecho, en cada vacuna y en cada cosa linda y justa que d√© la vida. https://t.co/1fH4B86wrc
56	@ernestorr no entiendo por qu√© no puedo darle RT. (veo que otros lo hicieron pero a m√≠ no me da la opci√≥n) una tristeza horrible, todav√≠a no lo puedo creer.
57	De -18 a 8. Una maravilla esta vacuna. https://t.co/Oh0OZhV2WK En qu√© se basaron para tomar esta decisi√≥n? La vacuna se resfriaba a -18?
57	@spitta1969 @Maria_e_pt Creo q esto no es serio. No es responsable. Nadie querr√° aplicarse la vacuna en estas condiciones.
58	De -18 a 8. Una maravilla esta vacuna. https://t.co/Oh0OZhV2WK En qu√© se basaron para tomar esta decisi√≥n? La vacuna se resfriaba a -18?
58	@spitta1969 Si no generaba confianza ahora es peor. Ma√±ana en lugar de inyectable ser√°...???? Un supositorio!!!!
59	De -18 a 8. Una maravilla esta vacuna. https://t.co/Oh0OZhV2WK En qu√© se basaron para tomar esta decisi√≥n? La vacuna se resfriaba a -18?
59	@spitta1969 Estos cambian el speach de acuerdo a protestas.... falta que sea tambi√©n waterproof.
60	De -18 a 8. Una maravilla esta vacuna. https://t.co/Oh0OZhV2WK En qu√© se basaron para tomar esta decisi√≥n? La vacuna se resfriaba a -18?
60	@spitta1969 Ya fue todo ,dentro de poco van a decir que te pod√©s hacer unos buches con el contenido del frasco y listoüòÇ
61	De -18 a 8. Una maravilla esta vacuna. https://t.co/Oh0OZhV2WK En qu√© se basaron para tomar esta decisi√≥n? La vacuna se resfriaba a -18?
61	@spitta1969 Bueno... ya no caben dudas que te inoculan NaCl 0.9%. ¬øQuer√≠an fe? Ah√≠ la tienen....
62	De -18 a 8. Una maravilla esta vacuna. https://t.co/Oh0OZhV2WK En qu√© se basaron para tomar esta decisi√≥n? La vacuna se resfriaba a -18?
62	@spitta1969 Encima se olvidan que cuando las bajaron en Ezeiza hac√≠a 37¬∞? La cadena de fr√≠o ya se corto!
63	De -18 a 8. Una maravilla esta vacuna. https://t.co/Oh0OZhV2WK En qu√© se basaron para tomar esta decisi√≥n? La vacuna se resfriaba a -18?
63	@spitta1969 El mes que viene van a decir que no necesita refrigeraci√≥n.  Quiz√°s porque directamente son rellen√°s de agua...
64	De -18 a 8. Una maravilla esta vacuna. https://t.co/Oh0OZhV2WK En qu√© se basaron para tomar esta decisi√≥n? La vacuna se resfriaba a -18?
64	@spitta1969 @jhn1st Que casualidad, coinciden con las temperaturas que la astra. https://t.co/PL9GZ4GEcF
65	De -18 a 8. Una maravilla esta vacuna. https://t.co/Oh0OZhV2WK En qu√© se basaron para tomar esta decisi√≥n? La vacuna se resfriaba a -18?
65	@spitta1969 @meg170646 Milagro de la ciencia
66	De -18 a 8. Una maravilla esta vacuna. https://t.co/Oh0OZhV2WK En qu√© se basaron para tomar esta decisi√≥n? La vacuna se resfriaba a -18?
66	@spitta1969 Capaz que les andaba mal el term√≥metro del laboratorio y reci√©n ahora se dieron cuenta.
67	De -18 a 8. Una maravilla esta vacuna. https://t.co/Oh0OZhV2WK En qu√© se basaron para tomar esta decisi√≥n? La vacuna se resfriaba a -18?
67	"@spitta1969 Es que el gobierno de cient√≠ficos tiene su propia percepci√≥n de lo que es el ""cambio clim√°tico"" üòù"
68	De -18 a 8. Una maravilla esta vacuna. https://t.co/Oh0OZhV2WK En qu√© se basaron para tomar esta decisi√≥n? La vacuna se resfriaba a -18?
68	@spitta1969 Grido debe haber hecho su propia investigaci√≥n.  Todo sea por agarrar un contratito
69	De -18 a 8. Una maravilla esta vacuna. https://t.co/Oh0OZhV2WK En qu√© se basaron para tomar esta decisi√≥n? La vacuna se resfriaba a -18?
69	@spitta1969 Es que sino ten√≠an que tirar la mitad de lo que compraron porque no les aguanta ninguna cadena de fr√≠o...
70	Estas situaciones no hacen m√°s que valorar el esfuerzo de celebridades e influencers al sumarse a #InfoDeLaBuena para remar en dulce de leche repostero a favor de la ciencia https://t.co/6Qlbk0EuAV
70	@FabBallarini La pifi√≥ con eso de que nos usan como conejillos, pero fue atinado c el comentario de EA a largo plazo ( eso aplica a todas las vacunas)
71	Para les artistes que me est√°n bardeando, cuando solo les quise explicar esto. Chiques, y despu√©s dicen que los q votan JxC son los q creen en la pseudociencia. https://t.co/U2CykSMnuZ
71	@spitta1969 A no bajar los brazos Sandra. Si te bardean les artistes estas por el bien camino!!!! Mi apoyo!!!
72	Si, si, claro. L√°grimas y pena por los jubilados. La mina que fren√≥ todos los juicios de los jubilados. Si, te creo todo. https://t.co/iZSOJnWkHk No le creo NADA. Pero NADA DE NADA. NADA. Get it? NADA.
72	@spitta1969 llora por los jubilados , la que cobra dos jubilaciones de privilegio y no paga ganancias !
73	Si, si, claro. L√°grimas y pena por los jubilados. La mina que fren√≥ todos los juicios de los jubilados. Si, te creo todo. https://t.co/iZSOJnWkHk No le creo NADA. Pero NADA DE NADA. NADA. Get it? NADA.
73	@spitta1969 @ABorches Qu√© c√≠nica hdp!! Lo grave es la cantidad de mononeuronales que compran ese discurso.
74	Si, si, claro. L√°grimas y pena por los jubilados. La mina que fren√≥ todos los juicios de los jubilados. Si, te creo todo. https://t.co/iZSOJnWkHk No le creo NADA. Pero NADA DE NADA. NADA. Get it? NADA.
74	@spitta1969 lagrimas de quien mando a matar un fiscal (y a un par de testigos molestos) y entrego a sus hijos para salvarse ella.
75	Si, si, claro. L√°grimas y pena por los jubilados. La mina que fren√≥ todos los juicios de los jubilados. Si, te creo todo. https://t.co/iZSOJnWkHk No le creo NADA. Pero NADA DE NADA. NADA. Get it? NADA.
75	@spitta1969 @LMonicafanti Ese VERSO era la muletilla en Santa Cruz ,en todos los actos dec√≠an lo mismo!!!!!
76	Si, si, claro. L√°grimas y pena por los jubilados. La mina que fren√≥ todos los juicios de los jubilados. Si, te creo todo. https://t.co/iZSOJnWkHk No le creo NADA. Pero NADA DE NADA. NADA. Get it? NADA.
76	@spitta1969 @Nipurdelagash1 Y una buena porci√≥n de jubilados la vot√≥! ü§¶‚Äç‚ôÄÔ∏èü§¶‚Äç‚ôÇÔ∏èü§¶‚Äç‚ôÄÔ∏èü§¶‚Äç‚ôÇÔ∏è
77	Si, si, claro. L√°grimas y pena por los jubilados. La mina que fren√≥ todos los juicios de los jubilados. Si, te creo todo. https://t.co/iZSOJnWkHk No le creo NADA. Pero NADA DE NADA. NADA. Get it? NADA.
77	"@spitta1969 @aevaio47 Mi abuela sol√≠a hablar de ""lagrimas de cocodrilo"""
78	Si, si, claro. L√°grimas y pena por los jubilados. La mina que fren√≥ todos los juicios de los jubilados. Si, te creo todo. https://t.co/iZSOJnWkHk No le creo NADA. Pero NADA DE NADA. NADA. Get it? NADA.
78	@spitta1969 Adem√°s de la jubilaci√≥n y pensi√≥n  que cobra de cifra inalcanzable para un jubilado y sin pagar Impuesto a la Ganancia
79	Si, si, claro. L√°grimas y pena por los jubilados. La mina que fren√≥ todos los juicios de los jubilados. Si, te creo todo. https://t.co/iZSOJnWkHk No le creo NADA. Pero NADA DE NADA. NADA. Get it? NADA.
79	@spitta1969 Fue quien vet√≥ la posibilidad hist√≥rica e irrepetible de la #MovibilidadJubilatoria, no jodamos...
80	Si, si, claro. L√°grimas y pena por los jubilados. La mina que fren√≥ todos los juicios de los jubilados. Si, te creo todo. https://t.co/iZSOJnWkHk No le creo NADA. Pero NADA DE NADA. NADA. Get it? NADA.
80	@spitta1969 Llora por su impotencia para modificar su realidad , mira si va a llorar por un jubilado , que es un jubilado ?? Se pregunta
81	Si, si, claro. L√°grimas y pena por los jubilados. La mina que fren√≥ todos los juicios de los jubilados. Si, te creo todo. https://t.co/iZSOJnWkHk No le creo NADA. Pero NADA DE NADA. NADA. Get it? NADA.
81	@spitta1969 @AlberPiter y se hace por los mismos jubilados pagar m√∫ltiples jubilaciones privilegiadas.... m√°s c√≠nica no da
82	Si, si, claro. L√°grimas y pena por los jubilados. La mina que fren√≥ todos los juicios de los jubilados. Si, te creo todo. https://t.co/iZSOJnWkHk No le creo NADA. Pero NADA DE NADA. NADA. Get it? NADA.
82	@spitta1969 82 %m√≥vil, pero asegur√≥ sus privilegios de jubilaciones. Es f√°cil hablar del otro.
83	Si, si, claro. L√°grimas y pena por los jubilados. La mina que fren√≥ todos los juicios de los jubilados. Si, te creo todo. https://t.co/iZSOJnWkHk No le creo NADA. Pero NADA DE NADA. NADA. Get it? NADA.
83	@spitta1969 @JLIsnardi1965 Qu√© actriz se perdi√≥ J√≥ligud!!! https://t.co/BXfylQQEHD
84	Si, si, claro. L√°grimas y pena por los jubilados. La mina que fren√≥ todos los juicios de los jubilados. Si, te creo todo. https://t.co/iZSOJnWkHk No le creo NADA. Pero NADA DE NADA. NADA. Get it? NADA.
84	"@spitta1969 Una vez Suar dijo ""la contratar√≠a, podr√≠a ser una gran actriz"". Tampoco es un genio."
85	Si, si, claro. L√°grimas y pena por los jubilados. La mina que fren√≥ todos los juicios de los jubilados. Si, te creo todo. https://t.co/iZSOJnWkHk No le creo NADA. Pero NADA DE NADA. NADA. Get it? NADA.
85	@spitta1969 El abuelito amarrete que quer√≠a comprarle 50usd al nieto, escrachado en cadena nacional.
86	Si, si, claro. L√°grimas y pena por los jubilados. La mina que fren√≥ todos los juicios de los jubilados. Si, te creo todo. https://t.co/iZSOJnWkHk No le creo NADA. Pero NADA DE NADA. NADA. Get it? NADA.
86	@spitta1969 No me gusta ni el presidente menos la vice pero faltarle el respeto as√≠ est√° fuera de lugar https://t.co/Arxnlk8J08
87	Si, si, claro. L√°grimas y pena por los jubilados. La mina que fren√≥ todos los juicios de los jubilados. Si, te creo todo. https://t.co/iZSOJnWkHk No le creo NADA. Pero NADA DE NADA. NADA. Get it? NADA.
87	@spitta1969 La que quiere cobrar sueldo, dos jubilaciones y no pagar ganancias? Esa no te convence? Que descre√≠da que sos, Sandra!!
88	Si, si, claro. L√°grimas y pena por los jubilados. La mina que fren√≥ todos los juicios de los jubilados. Si, te creo todo. https://t.co/iZSOJnWkHk No le creo NADA. Pero NADA DE NADA. NADA. Get it? NADA.
88	@spitta1969 Bien vos, pero acordate que La Doctora te paga el sueldo para que twitees estupideces.
89	Si vacunaron a @JavierJiguacel que es un delincuente y aparentemente sobran. Quiero que vacunen a mis viejos jubilados que laboraron dignamente @alferdez @ginesggarcia @msalnacion
89	@indiamei @JavierJiguacel @alferdez @ginesggarcia @msalnacion Yo@soy personal de salud provincial y ni hay vista que me pongan la vacuna ac√° en rosario
90	Me encanta volver a tener Ministerio de Salud @msalnacion pero una puta regulaci√≥n les pido. Tanta plata pone Larreta? Que nadie habla, nadie interviene, nadie pregunta? https://t.co/37JDKgtMpH
90	@Bigotedechivo @msalnacion No s√≥lo las vacunas, me atiendo en el pirovano y esta fuera de vadem√©cum un antidepresivo com√∫n!!! Recorte de presupuesto en otras palabras.
91	‚ÄºÔ∏è El ministro de Salud @ginesggarcia supervis√≥ la Campa√±a de Vacunaci√≥n contra la COVID-19 en el Hospital de Cl√≠nicas.   ‚ûïINFO‚û°Ô∏è https://t.co/2W8oqU7LyP  #CuidarteEsCuidarnos #ArgentinaUnida https://t.co/WdaOJzvUZW
91	@msalnacion @ginesggarcia Deberia estudiarse la factibilidad del uso como vacunatorios de los aeropuertos y las autopistas fuera de los horarios pico...
92	Respuesta de @carlavizzotti por los cuestionamientos a las deficiencias en el registro de vacunas üëá https://t.co/vIxbjORUcb El comunicado de los 24 ministros de Salud üëá https://t.co/B9lxrwuTeu
92	@norabar Nunca autocr√≠tica, NUNCA. Es imposible corregir errores de esa manera. Reconocer equivocaciones no te hace m√°s d√©bil, te hace m√°s fuerte.
93	#vacunaci√≥n Excelente: datos preliminares muestran que est√°n bajando los casos notificados de Covid en personal de salud de CABAüëáAn√°lisis de datos y gr√°fico de @mmbarrionuevo https://t.co/9lUmhLmqRj
93	@norabar @mmbarrionuevo Bien Nora! Los maestros y todo el personal de las escuelas y los choferes y personal de transporte p√∫blico. Eso bajar√≠a a√∫n m√°s!
94	"Andrea Gamarnik: ""La pandemia nos corr√≠a, fue una entrega total. ¬øQu√© demostr√≥ la pandemia? ‚ÄúQue los cient√≠ficos y las cient√≠ficas de Argentina tenemos la capacidad de resolver problemas‚Äù https://t.co/OC43EGto4c"
94	@ernestorr Excelente descubrimiento de los ¬´anticuerpos¬ª generados con la aplicaci√≥n de 1 ¬∞ dosis. Ser√≠an suficientes. Esto implicar√≠a duplicar la vacunaci√≥n *
95	Carrefour nos da la bienvenida a Peronia! https://t.co/qp7VUlcSPW Qu√© es lo que debe ser de p√∫blico conocimiento? Que los precios fijados solo producen desabastecimiento? Ah, si, eso si.
95	@spitta1969 Cuales ser√°n las ‚Äòrazones de p√∫blico conocimiento‚Äô? La pandemia? el peronismo? El kirchnerismo?
96	Carrefour nos da la bienvenida a Peronia! https://t.co/qp7VUlcSPW Qu√© es lo que debe ser de p√∫blico conocimiento? Que los precios fijados solo producen desabastecimiento? Ah, si, eso si.
96	@spitta1969 Deja vu. El eterno retorno. Vuelven sobre lo mismo, q siempre fracas√≥. El control de precios produce este cartelito.
97	Carrefour nos da la bienvenida a Peronia! https://t.co/qp7VUlcSPW Qu√© es lo que debe ser de p√∫blico conocimiento? Que los precios fijados solo producen desabastecimiento? Ah, si, eso si.
97	@spitta1969 Para mi los super deber√≠an haber plastificado los carteles desde la d√©cada p√©rdida para ahorrar en papel y toner
98	Carrefour nos da la bienvenida a Peronia! https://t.co/qp7VUlcSPW Qu√© es lo que debe ser de p√∫blico conocimiento? Que los precios fijados solo producen desabastecimiento? Ah, si, eso si.
98	@spitta1969 Co es de p√∫blico conocimiento, estamos gobernados por in√∫tiles y mentirosos. Disculpe las molestias.
99	Carrefour nos da la bienvenida a Peronia! https://t.co/qp7VUlcSPW Qu√© es lo que debe ser de p√∫blico conocimiento? Que los precios fijados solo producen desabastecimiento? Ah, si, eso si.
99	"@spitta1969 ¬øDe ""p√∫blico conocimiento""? No estar√≠a escuchando mucho hablar del tema a los medios..."
100	Carrefour nos da la bienvenida a Peronia! https://t.co/qp7VUlcSPW Qu√© es lo que debe ser de p√∫blico conocimiento? Que los precios fijados solo producen desabastecimiento? Ah, si, eso si.
100	@spitta1969 @BethRiva En Coto una persona llevaba bandejas de carne para el freezer, y tuvo que dejar varias.
101	Carrefour nos da la bienvenida a Peronia! https://t.co/qp7VUlcSPW Qu√© es lo que debe ser de p√∫blico conocimiento? Que los precios fijados solo producen desabastecimiento? Ah, si, eso si.
101	@spitta1969 @jogun_712 No hay nada en las g√≥ndolas, y lo q hay  una o dos marcas nada m√°s
102	Carrefour nos da la bienvenida a Peronia! https://t.co/qp7VUlcSPW Qu√© es lo que debe ser de p√∫blico conocimiento? Que los precios fijados solo producen desabastecimiento? Ah, si, eso si.
102	@spitta1969 Y no te mienten... (en esto al menos) 10 D√≠as atr√°s Carrefour General Rodriguez... https://t.co/fHP4Im8r1c
103	Carrefour nos da la bienvenida a Peronia! https://t.co/qp7VUlcSPW Qu√© es lo que debe ser de p√∫blico conocimiento? Que los precios fijados solo producen desabastecimiento? Ah, si, eso si.
103	@spitta1969 @veritolm2010 La g√≥ndola de las vacunas est√° vac√≠a...
104	Carrefour nos da la bienvenida a Peronia! https://t.co/qp7VUlcSPW Qu√© es lo que debe ser de p√∫blico conocimiento? Que los precios fijados solo producen desabastecimiento? Ah, si, eso si.
104	@spitta1969 Las razones de p√∫blico conocimiento son el llamado equipo de cient√≠ficos que nos gobierna?
105	Carrefour nos da la bienvenida a Peronia! https://t.co/qp7VUlcSPW Qu√© es lo que debe ser de p√∫blico conocimiento? Que los precios fijados solo producen desabastecimiento? Ah, si, eso si.
105	@spitta1969 Fui el s√°bado al de Avellaneda y era deprimente. Desolador. Deplorable. No hab√≠a nada. Amargo recuerdo!üòñü§¶‚Äç‚ôÄÔ∏èü§¢
106	Carrefour nos da la bienvenida a Peronia! https://t.co/qp7VUlcSPW Qu√© es lo que debe ser de p√∫blico conocimiento? Que los precios fijados solo producen desabastecimiento? Ah, si, eso si.
106	@spitta1969 Tengo 63 a√±os. Jam√°s dio resultado la pol√≠tica de precios m√°ximos
107	Carrefour nos da la bienvenida a Peronia! https://t.co/qp7VUlcSPW Qu√© es lo que debe ser de p√∫blico conocimiento? Que los precios fijados solo producen desabastecimiento? Ah, si, eso si.
107	"@spitta1969 En la cooperativa Obrera de Bah√≠a Blanca volvi√≥ el ""solo tres productos x persona"" ü§¶ü§¶ü§¶"
108	Carrefour nos da la bienvenida a Peronia! https://t.co/qp7VUlcSPW Qu√© es lo que debe ser de p√∫blico conocimiento? Que los precios fijados solo producen desabastecimiento? Ah, si, eso si.
108	"@spitta1969 ""Razones de p√∫blico conocimiento"", l√©ase ""nos gobiernan los peronistas comunistas"""
109	Carrefour nos da la bienvenida a Peronia! https://t.co/qp7VUlcSPW Qu√© es lo que debe ser de p√∫blico conocimiento? Que los precios fijados solo producen desabastecimiento? Ah, si, eso si.
109	@spitta1969 #WelcomeToPeronianKingdom. One Country ruled by corrupt people, elected by idiotic people. https://t.co/OdZoZ4PxG8
110	Carrefour nos da la bienvenida a Peronia! https://t.co/qp7VUlcSPW Qu√© es lo que debe ser de p√∫blico conocimiento? Que los precios fijados solo producen desabastecimiento? Ah, si, eso si.
110	@spitta1969 @SusyRuibal Triste!! Siempre logran lo que se van proponen con el plan...no plan!!! Despertemos!!!
111	Carrefour nos da la bienvenida a Peronia! https://t.co/qp7VUlcSPW Qu√© es lo que debe ser de p√∫blico conocimiento? Que los precios fijados solo producen desabastecimiento? Ah, si, eso si.
111	@spitta1969 Sandra, pase por el sector de cuidados personales. Alguna pasta de dientes debe quedar.-
112	Carrefour nos da la bienvenida a Peronia! https://t.co/qp7VUlcSPW Qu√© es lo que debe ser de p√∫blico conocimiento? Que los precios fijados solo producen desabastecimiento? Ah, si, eso si.
112	@spitta1969 PERO √âSTO RS CULPA DE LAS EMPRESAS Q NO BAJARON LOS PRECIOS LOS SUBIERON Y LOS SUPERMERCADOS NO LES COMPR√ÅN...
113	Carrefour nos da la bienvenida a Peronia! https://t.co/qp7VUlcSPW Qu√© es lo que debe ser de p√∫blico conocimiento? Que los precios fijados solo producen desabastecimiento? Ah, si, eso si.
113	@spitta1969 @jogun_712 Precios Cuidados ya fijo el precio de la docena de lentejas!!!!!!
114	Carrefour nos da la bienvenida a Peronia! https://t.co/qp7VUlcSPW Qu√© es lo que debe ser de p√∫blico conocimiento? Que los precios fijados solo producen desabastecimiento? Ah, si, eso si.
114	@spitta1969 Dice clarin q podes comer tierra con pan resucitado de hace 3 d√≠as (tene memoria chifladita)
115	Carrefour nos da la bienvenida a Peronia! https://t.co/qp7VUlcSPW Qu√© es lo que debe ser de p√∫blico conocimiento? Que los precios fijados solo producen desabastecimiento? Ah, si, eso si.
115	@spitta1969 Y pensar q votaron la heladera llena , el asadito , el cemento no se come , y todav√≠a faltan 3 a√±os
116	Carrefour nos da la bienvenida a Peronia! https://t.co/qp7VUlcSPW Qu√© es lo que debe ser de p√∫blico conocimiento? Que los precios fijados solo producen desabastecimiento? Ah, si, eso si.
116	@spitta1969 Pobre mi Argentina. A merced de unos vivos bien avivados. Que lamentablemente son gobierno.
117	Carrefour nos da la bienvenida a Peronia! https://t.co/qp7VUlcSPW Qu√© es lo que debe ser de p√∫blico conocimiento? Que los precios fijados solo producen desabastecimiento? Ah, si, eso si.
117	@spitta1969 Carrefour Av Rivadavia y Uriburu Caba. Si quien m√°s fotos pidan q tengo y de la carne de mierda tambi√©n https://t.co/gNFcnfMcBx
118	Carrefour nos da la bienvenida a Peronia! https://t.co/qp7VUlcSPW Qu√© es lo que debe ser de p√∫blico conocimiento? Que los precios fijados solo producen desabastecimiento? Ah, si, eso si.
118	@spitta1969 @carrefourarg a m√≠ tambi√©n me gustar√≠a saber cu√°les son los motivos del desabastecimiento
119	Ah, pero qu√© cosa espantosa la declaraci√≥n de la Sociedad Argentina de Investigaciones Cl√≠nicas. Qui√©n ose tocar la Sputnik es antivacuna! De integridad cient√≠fica nada, no? Ese temita se lo olvidaron.
119	@spitta1969 @san_vivi_ Sandra, cuando vas a entender que es politiKa K, que vinieron por todo y nada les importa?
120	Ah, pero qu√© cosa espantosa la declaraci√≥n de la Sociedad Argentina de Investigaciones Cl√≠nicas. Qui√©n ose tocar la Sputnik es antivacuna! De integridad cient√≠fica nada, no? Ese temita se lo olvidaron.
120	@spitta1969 Es la muletilla de quienes hacen de la ciencia una cuestion de fe,  Galileo Galilei fue un adelantado.
121	Ah, pero qu√© cosa espantosa la declaraci√≥n de la Sociedad Argentina de Investigaciones Cl√≠nicas. Qui√©n ose tocar la Sputnik es antivacuna! De integridad cient√≠fica nada, no? Ese temita se lo olvidaron.
121	@spitta1969 Cuanto idiota opinando pavadas y mentiras!! Perfiles trucos que ni la cara muestran!!!!( trolls)
122	Ah, pero qu√© cosa espantosa la declaraci√≥n de la Sociedad Argentina de Investigaciones Cl√≠nicas. Qui√©n ose tocar la Sputnik es antivacuna! De integridad cient√≠fica nada, no? Ese temita se lo olvidaron.
122	@spitta1969 @misbeln Si tocan la cometa que kilombo se va  a armar. Que lo pari√≥, que gente rota militar la cometa de otrEs
123	"La ""Gripezinha"" est√° generando la peor cat√°strofe sanitaria de Brasil y pone en riesgo nuevamente al mundo. El peligro de tener a un demente negacionista en el poder. https://t.co/PhxylaV6tl"
123	"@FabBallarini Che, pelotudo pago, por qu√© no hablas de ac√°? Con el verso de ‚ÄúQuiditi in cisi"" y dem√°s boludeces, arruinaron miles de pymes y se afanaron vacunas."
124	Ins√≥lito:  a unos vecinos les robaron un pedazo de ca√±o y el medidor del agua. Dejaron a toda la casa sin agua. Gracias ‚Å¶@AySA_Oficial‚Å© que vino enseguida https://t.co/qz4fQ7Bawe
124	@norabar @EdgardoTempore1 @AySA_Oficial NO es por el bronce,el caudalimetro(medidor) se vende para casas que est√°n detr√°s de la l√≠nea municipal
125	Ins√≥lito:  a unos vecinos les robaron un pedazo de ca√±o y el medidor del agua. Dejaron a toda la casa sin agua. Gracias ‚Å¶@AySA_Oficial‚Å© que vino enseguida https://t.co/qz4fQ7Bawe
125	@norabar @AySA_Oficial Me lo robaron de la tapa de mi negocio hace 2 semanas, reci√©n ayer fue AYSA... Estuvimos si agua en la cocina esas dos semanas.
126	Por recomendaci√≥n de la @ANMATsalud , el @msalnacion autoriz√≥ el uso de la vacuna Sputnik V en mayores de 60 a√±os.  ‚ûï Info üîª https://t.co/EUM3dwVROX  #ArgentinaUnida #CuidarteEsCuidarnos https://t.co/HFGARMfrmw
126	@msalnacion @ANMATsalud Pregunto, si soy de riesgo y no llego a los 60 a√±os ¬øme can a dar la vacuna igual o nonme coresponde?
127	Por recomendaci√≥n de la @ANMATsalud , el @msalnacion autoriz√≥ el uso de la vacuna Sputnik V en mayores de 60 a√±os.  ‚ûï Info üîª https://t.co/EUM3dwVROX  #ArgentinaUnida #CuidarteEsCuidarnos https://t.co/HFGARMfrmw
127	@msalnacion @ANMATsalud Me quiero vacunar y me cancelaron el turno por falta de dosis! Eso pasa porque vacunan a gente sin turno! En el Balestrini!
128	La √∫nica discusi√≥n leg√≠tima, desde el principio de la pandemia, es qu√© estamos dispuestos a tolerar para evitar decenas de miles de muertes. No hay manera de controlar esto con medidas suaves.
128	@NicoOlsze Impusieron la cuarentena m√°s larga del planeta y tuvieron decenas de miles de muertos. Llamate a silencio, payaso emulador de Galtieris.
129	La √∫nica discusi√≥n leg√≠tima, desde el principio de la pandemia, es qu√© estamos dispuestos a tolerar para evitar decenas de miles de muertes. No hay manera de controlar esto con medidas suaves.
129	@NicoOlsze Entonces toler√°s o no toler√°s el robo manifiesto y abierto de vacunas por militantes K de entre 20 y 30 a√±os?
130	How about letting provinces and private sectors buy the vaccines? I bet the jabs wouldn¬¥t end up in the arms of politicians and their families and friends. https://t.co/2YHiJUo7Oi
130	@spitta1969 Ser√≠a la √∫nica forma de tener vacunas .los que pueden la pagan.los que no tienen ,se las provee el gobierno .
131	Yo decretaria una cuarentena obligatoria y en ese tiempo dedicarme a vacunar. Es la forma m√°s organizada y garantiza que los soretes no salgan a infectarse. @msalnacion @GinEns @alferdez
131	@indiamei @msalnacion @GinEns @alferdez Ya tuvimos y no sirvi√≥ para nada  Ahora no sabemos si van a aplicar una o dos dosis. Si la √∫nica soluci√≥n es la cuarentena.....
132	Yo decretaria una cuarentena obligatoria y en ese tiempo dedicarme a vacunar. Es la forma m√°s organizada y garantiza que los soretes no salgan a infectarse. @msalnacion @GinEns @alferdez
132	@indiamei @msalnacion @GinEns @alferdez Es qu√© es la √∫nica manera. No hay consciencia social.Y otra cosa es poner el transporte s√≥lo esencial y controlar.
133	Donde hay que anotarse para recibir la vacuna SPUTNIK V en CABA? Porque parece que Larrata se olvido de la gente... @msalnacion   @alferdez  @carlavizzotti  @C5N
133	@MarisaEzeiza @msalnacion @alferdez @carlavizzotti @C5N Por qu√© la primera etapa es para personal de salud. Hasta que no haya vacunas para aplicar de forma masiva...
134	Un buen gesto de transparencia del Gobierno nacional ser√≠a que se d√© a conocer inmediatamente el listado completo de todas las personas que se vacunaron en forma irregular en el @msalnacion #VacunaGate
134	@FlorBallarino @msalnacion De todas las personas que se vacunaron en el pa√≠s. Hace d√≠as que no cierran los n√∫meros de vacunas recibidas vs aplicadas. https://t.co/XBa64AFyC7
135	Un buen gesto de transparencia del Gobierno nacional ser√≠a que se d√© a conocer inmediatamente el listado completo de todas las personas que se vacunaron en forma irregular en el @msalnacion #VacunaGate
135	@FlorBallarino @fedkukso @msalnacion Se hundieron solos,la lista(si la publican)la difamar√° Clarin y con esta cagada,quien la refuta y quien la cree...todo mal.
136	Junto a @norabar mantuvimos el criterio de no adelantar nada hasta no tener el comunicado oficial en la mano. El texto me lleg√≥ a las 18.12
136	@tunykollmann @norabar Raul a vos Sta Mar√≠as te domestic√≥ demasido.  El COVID te alej√≥ de la realidad, volv√© a las fuentes o alejate un tiempo, estas muy baqueteado.
137	Junto a @norabar mantuvimos el criterio de no adelantar nada hasta no tener el comunicado oficial en la mano. El texto me lleg√≥ a las 18.12
137	@tunykollmann @norabar Sale 21:00 y traer√° 600.000 dosis.
138	Junto a @norabar mantuvimos el criterio de no adelantar nada hasta no tener el comunicado oficial en la mano. El texto me lleg√≥ a las 18.12
138	@tunykollmann @norabar Hasta que no vea las contraindicaciones no pienso vacunarme, ya tengo mucho mambo en mi cuerpo para agregarle otro mas. Vacunense ustedes, yo espero.
139	Alguien sabe si en serio la Sputnik es apta para inmunosuprimidos? @neuroblues7 @adalozzo @LG_RDT @AddisonM__ @melquiadess @OkCirujan @teo7ok @FabBallarini @Anonmehicieron  https://t.co/efsmMIMQM1
139	@MoniChuch @neuroblues7 @adalozzo @LG_RDT @AddisonM__ @melquiadess @OkCirujan @teo7ok @FabBallarini @Anonmehicieron Eso le√≠ hoy y pens√© en vos
140	Alguien sabe si en serio la Sputnik es apta para inmunosuprimidos? @neuroblues7 @adalozzo @LG_RDT @AddisonM__ @melquiadess @OkCirujan @teo7ok @FabBallarini @Anonmehicieron  https://t.co/efsmMIMQM1
140	@MoniChuch @neuroblues7 @adalozzo @LG_RDT @AddisonM__ @melquiadess @OkCirujan @teo7ok @FabBallarini No me puse a leer como para opinar, perd√≥n.
141	Alguien sabe si en serio la Sputnik es apta para inmunosuprimidos? @neuroblues7 @adalozzo @LG_RDT @AddisonM__ @melquiadess @OkCirujan @teo7ok @FabBallarini @Anonmehicieron  https://t.co/efsmMIMQM1
141	@MoniChuch @neuroblues7 @adalozzo @LG_RDT @AddisonM__ @melquiadess @teo7ok @FabBallarini @Anonmehicieron Si te soy sincera Moni no he le√≠do nada
142	Otra vez Regazzoni hablando de la vacuna Gamaleya. Sabe algo de regulaciones este m√©dico? Un paper en The Lancet lo tranquiliza y post facto? Entiende de organismos regulatorios?
142	@spitta1969 @agueroangel Pero el Gobierno  de cient√≠fico que pueden saber si salen a la jefecita imaginateeeeee https://t.co/YeOlmDE7Op
143	Otra vez Regazzoni hablando de la vacuna Gamaleya. Sabe algo de regulaciones este m√©dico? Un paper en The Lancet lo tranquiliza y post facto? Entiende de organismos regulatorios?
143	@spitta1969 Preocupante, estuvo al frente del PAMI. Elogia como CHINA manej√≥ la pandemia, va a elogiar a Insfr√°n?
144	Otra vez Regazzoni hablando de la vacuna Gamaleya. Sabe algo de regulaciones este m√©dico? Un paper en The Lancet lo tranquiliza y post facto? Entiende de organismos regulatorios?
144	@spitta1969 Incre√≠ble.Lo vi y,desde mi ignorancia sobre el tema,me asust√©.Pint√≥ un  panorama muy desalentador.
145	Otra vez Regazzoni hablando de la vacuna Gamaleya. Sabe algo de regulaciones este m√©dico? Un paper en The Lancet lo tranquiliza y post facto? Entiende de organismos regulatorios?
145	@spitta1969 Regazzoni es una verg√ºenza (del PRO)  Un infect√≥crata, terrorista sanitario, puritano y covidiota  Punto
146	Otra vez Regazzoni hablando de la vacuna Gamaleya. Sabe algo de regulaciones este m√©dico? Un paper en The Lancet lo tranquiliza y post facto? Entiende de organismos regulatorios?
146	@spitta1969 Bueno .....convengamos que uds se la da de todologa, por lo cual ...viva y deje vivir.
147	Otra vez Regazzoni hablando de la vacuna Gamaleya. Sabe algo de regulaciones este m√©dico? Un paper en The Lancet lo tranquiliza y post facto? Entiende de organismos regulatorios?
147	@spitta1969 Ese Regazzoni entro al sistema como un caballo. Por las estupideces que dice tendr√≠a que devolver el t√≠tulo.
148	Otra vez Regazzoni hablando de la vacuna Gamaleya. Sabe algo de regulaciones este m√©dico? Un paper en The Lancet lo tranquiliza y post facto? Entiende de organismos regulatorios?
148	@spitta1969 @alejandramacri No Sandra, no sabe, pero le encanta visitar los canales de tv, es un experto en eso
149	Otra vez Regazzoni hablando de la vacuna Gamaleya. Sabe algo de regulaciones este m√©dico? Un paper en The Lancet lo tranquiliza y post facto? Entiende de organismos regulatorios?
149	@spitta1969 Ese m√©dico fue una de las malas elecciones de nuestro gobierno.. un error,  deber√≠a guardarse
150	Otra vez Regazzoni hablando de la vacuna Gamaleya. Sabe algo de regulaciones este m√©dico? Un paper en The Lancet lo tranquiliza y post facto? Entiende de organismos regulatorios?
150	@spitta1969 Sandra, EN Argentina cualquiera habla de cualquier cosa y adem√°s es especialista en eso
151	De 22000, unos 21000 eran rusos blancos. Saben sacar porcentajes? https://t.co/LBtCHS0T7f
151	@spitta1969 Supuestamente.. personalmente no conozco a ninguno de los supuestos 22mil rusos blancos.
152	De 22000, unos 21000 eran rusos blancos. Saben sacar porcentajes? https://t.co/LBtCHS0T7f
152	@spitta1969 Ademas hay que ver a que le dicen asiaticos, porque son un poquito diversas las etnias en esa zona del mundo.
153	De 22000, unos 21000 eran rusos blancos. Saben sacar porcentajes? https://t.co/LBtCHS0T7f
153	@spitta1969 Te resumo el paper: ¬´El Para√≠so a mi derecha, el Infierno a mi izquierda, y el Angel de la Muerte tras de m√≠.¬ª
154	Un enfoque diferente de vacunaci√≥n: en lugar de inmunizar a los mayores, Indonesia vacuna a los de entre 18 y 59 a√±osüëá https://t.co/9oSc7rE3TW
154	@norabar No entiendo ni de ciencia ni de medicina, pero por lo que se est√° viendo y comprobando son los que contagian y los que menos se cuidan. En ese contexto, suena muy l√≥gico.
155	"Para todos los periodistas K qme est√°n llamando porque quieren saborear mi ""derrota"" (???), les pido que lean esto. Ojal√° funcione en Argentina, pero ven q tienen que estudiar mas? https://t.co/tKrcDe87e3"
155	@spitta1969 Hasta que la vacuna no cuente con su aval y el de Nelson Castro, nadie deber√≠a vacunarse,
156	"Para todos los periodistas K qme est√°n llamando porque quieren saborear mi ""derrota"" (???), les pido que lean esto. Ojal√° funcione en Argentina, pero ven q tienen que estudiar mas? https://t.co/tKrcDe87e3"
156	@spitta1969 Ahora te van a criticar que mandaste a leer un art√≠culo que no es una publicaci√≥n cient√≠fica... est√°n en todo estos muchachos...
157	"Para todos los periodistas K qme est√°n llamando porque quieren saborear mi ""derrota"" (???), les pido que lean esto. Ojal√° funcione en Argentina, pero ven q tienen que estudiar mas? https://t.co/tKrcDe87e3"
157	@spitta1969 Bizarrisimos los manotazos de ahogado que das jaja. Siempre hace falta seguir investigando.
158	"Para todos los periodistas K qme est√°n llamando porque quieren saborear mi ""derrota"" (???), les pido que lean esto. Ojal√° funcione en Argentina, pero ven q tienen que estudiar mas? https://t.co/tKrcDe87e3"
158	@spitta1969 Es mas f√°cil encontrar el final de un arco√≠ris y una olla con oro que hacer que un kirchnerista estudie.
159	"Para todos los periodistas K qme est√°n llamando porque quieren saborear mi ""derrota"" (???), les pido que lean esto. Ojal√° funcione en Argentina, pero ven q tienen que estudiar mas? https://t.co/tKrcDe87e3"
159	@spitta1969 Son todos K lo que te llaman? Y si, si de los otros no te pueden llamar porque los haces quedar como unos boludos.
160	"Para todos los periodistas K qme est√°n llamando porque quieren saborear mi ""derrota"" (???), les pido que lean esto. Ojal√° funcione en Argentina, pero ven q tienen que estudiar mas? https://t.co/tKrcDe87e3"
160	@spitta1969 Jugaron ruleta rusa. El tiro no salio. Y esperan aplausos. Nos extinguimos... ya no hay duda
161	Una excelente noticia que pas√≥ casi desapercibida: se aprob√≥ por amplia mayor√≠a la ley de financiamiento de la ciencia y la tecnolog√≠a. La opini√≥n de un estudioso del tema, @FernaStefani üëá https://t.co/HxqFROASzX
161	@norabar @rquiroga777 @FernaStefani No se si es tan buena noticia, @spitta1969 ¬øcobra algo de eso?.
162	Una excelente noticia que pas√≥ casi desapercibida: se aprob√≥ por amplia mayor√≠a la ley de financiamiento de la ciencia y la tecnolog√≠a. La opini√≥n de un estudioso del tema, @FernaStefani üëá https://t.co/HxqFROASzX
162	"@norabar @FernaStefani ""Venimos acumulando un retraso cient√≠fico-tecnol√≥gico fenomenal"" que el aumento aprobado no lo resuelve. Se necesita mucho mas..."
163	La OMS respalda la vacuna de Oxford/AstraZeneca y les dice a los pa√≠ses que no dejen de vacunar üëáDice que no hay evidencia de  relaci√≥n causal entre la inmunizaci√≥n y episodios de trombosis https://t.co/Hnm52V2ETB
163	@norabar los negacionistas de la pandemia suman una nueva vacuna para seguir negando la pandemia una pena, ojal√° no sea demasiado tarde para salir de su ignorancia
164	La OMS respalda la vacuna de Oxford/AstraZeneca y les dice a los pa√≠ses que no dejen de vacunar üëáDice que no hay evidencia de  relaci√≥n causal entre la inmunizaci√≥n y episodios de trombosis https://t.co/Hnm52V2ETB
164	@norabar Nora por favor a m√¨ y a m√¨ esposa n√≤s vacunaron c√≤n la Covishiel√®d (astrazeneca)nesecito que nos  tranquilices s√¨ v√≤s conf√¨as me quedo tranquilo
165	La OMS respalda la vacuna de Oxford/AstraZeneca y les dice a los pa√≠ses que no dejen de vacunar üëáDice que no hay evidencia de  relaci√≥n causal entre la inmunizaci√≥n y episodios de trombosis https://t.co/Hnm52V2ETB
165	@norabar Porque sino las 20 millones que fabricamos habria que tirarlas y no tenemos vacunas......hay que militar que son seguras no?
166	En una epoca La Naci√≥n representaba a la derecha ilustrada. Ahora es una cloaca que ataca a una de las voces mas claras y sinceras sobre la pandemia:@ernestorr  Son criminales. Banco a full a Ernesto!
166	@GerardoRossel @MariaSeoane48 @ernestorr Extra√±o Mariano Grondona. Sab√≠a de marxismo m√°s que los propios militantes del PC y la FJC.
167	En una epoca La Naci√≥n representaba a la derecha ilustrada. Ahora es una cloaca que ataca a una de las voces mas claras y sinceras sobre la pandemia:@ernestorr  Son criminales. Banco a full a Ernesto!
167	@GerardoRossel @ernestorr En cualquier momento sacan la columna de periodismo de ciencias de Nora B√§r y la reemplazan por el Dipy. Destruyeron un peri√≥dico centenario.
168	üìäüìà Lidera con pico de 3 puntos #M1 @C5N con el interesante debate de @fllorenteantoni @juan_amorin con @RubinsteinOk sobre el toque de queda https://t.co/CdwGiPYYOq
168	@rating_politico @juan_amorin @C5N @fllorenteantoni @RubinsteinOk Miratelo a Eze. Escuchalo  El tiene DIGNIDAD  Algo q vos no conoc√©s ni de lejos  https://t.co/PsUtrA6DTf
169	üìäüìà Lidera con pico de 3 puntos #M1 @C5N con el interesante debate de @fllorenteantoni @juan_amorin con @RubinsteinOk sobre el toque de queda https://t.co/CdwGiPYYOq
169	@rating_politico @juan_amorin @C5N @fllorenteantoni @RubinsteinOk Por favor! Mir√° qui√©n habla! ü§¶ü§¶ü§¶ Autocr√≠tica en primer lugar! Sr. Rubinstein!
170	üìäüìà Lidera con pico de 3 puntos #M1 @C5N con el interesante debate de @fllorenteantoni @juan_amorin con @RubinsteinOk sobre el toque de queda https://t.co/CdwGiPYYOq
170	@rating_politico @orejano55 @C5N @fllorenteantoni @juan_amorin @RubinsteinOk En que se convirti√≥ este canal?
171	‚û°Ô∏è Plan Nacional de Vacunaci√≥n COVID-19  Compartimos informaci√≥n sobre la cantidad de dosis de Sputnik V distribuidas en nuestro pa√≠s.  #CuidarteEsCuidarnos #ArgentinaUnida https://t.co/i39HwFnq3p
171	@msalnacion Avisenle a este que anda llorando por los medios, ahh y m√°s o menos cuando llegan? Porque para que hagan efecto hay que colocarlas, sab√≠an? https://t.co/0nyhAlo3de
172	C√°llate, c√°llate, que me desesperas! https://t.co/53N2di1oke Hay mas incumplimiento en las clases medias bajas y las bajas porque TIENEN QUE SALIR A LABURAR. No lo entiende este z√°ngano porque nunca labur√≥.
172	@spitta1969 Cu√°ntos culos habr√° lamido este inutil para llegar a un puesto donde debe ganar bastante?
173	C√°llate, c√°llate, que me desesperas! https://t.co/53N2di1oke Hay mas incumplimiento en las clases medias bajas y las bajas porque TIENEN QUE SALIR A LABURAR. No lo entiende este z√°ngano porque nunca labur√≥.
173	@spitta1969 Lo impresentable y malintencionado de este opa y el otro mamerto de Goll√°n ya es inaguantable
174	C√°llate, c√°llate, que me desesperas! https://t.co/53N2di1oke Hay mas incumplimiento en las clases medias bajas y las bajas porque TIENEN QUE SALIR A LABURAR. No lo entiende este z√°ngano porque nunca labur√≥.
174	@spitta1969 Clase alta? √önicamente la clase pol√≠tica.  Que haga terapia y se saque el sentimiento de culpa o √©l es indigente?
175	C√°llate, c√°llate, que me desesperas! https://t.co/53N2di1oke Hay mas incumplimiento en las clases medias bajas y las bajas porque TIENEN QUE SALIR A LABURAR. No lo entiende este z√°ngano porque nunca labur√≥.
175	"@spitta1969 Los mismos que cerraron escuelas todo el a√±o, te resuelven todo hablando de ""clases""..."
176	C√°llate, c√°llate, que me desesperas! https://t.co/53N2di1oke Hay mas incumplimiento en las clases medias bajas y las bajas porque TIENEN QUE SALIR A LABURAR. No lo entiende este z√°ngano porque nunca labur√≥.
176	@spitta1969 Este tipo vive en pelotas, en los centre comerciales de todos los barrios, se ve gente generalmente humilde y sin barbijo
177	C√°llate, c√°llate, que me desesperas! https://t.co/53N2di1oke Hay mas incumplimiento en las clases medias bajas y las bajas porque TIENEN QUE SALIR A LABURAR. No lo entiende este z√°ngano porque nunca labur√≥.
177	@spitta1969 Porq no dicen algo del hijo del presidente y su fiestita clandestina de este fin de semana
178	C√°llate, c√°llate, que me desesperas! https://t.co/53N2di1oke Hay mas incumplimiento en las clases medias bajas y las bajas porque TIENEN QUE SALIR A LABURAR. No lo entiende este z√°ngano porque nunca labur√≥.
178	@spitta1969 M√°s..... no se consigue..bah, si se consigue. Compiten para decir estupideces estos nabos https://t.co/q8s1hHRVoM
179	C√°llate, c√°llate, que me desesperas! https://t.co/53N2di1oke Hay mas incumplimiento en las clases medias bajas y las bajas porque TIENEN QUE SALIR A LABURAR. No lo entiende este z√°ngano porque nunca labur√≥.
179	@spitta1969 Qui√©n es el espartano que se atend√≠a con este in√∫til. Me interesar√≠a saber el promedio con el que termino su carrera.
180	C√°llate, c√°llate, que me desesperas! https://t.co/53N2di1oke Hay mas incumplimiento en las clases medias bajas y las bajas porque TIENEN QUE SALIR A LABURAR. No lo entiende este z√°ngano porque nunca labur√≥.
180	"@spitta1969 Ahora la ""clase alta"" compra en La Salada, es hinca de Defensa y Justicia y asiste al velorio de Maradona en La Rosada."
181	C√°llate, c√°llate, que me desesperas! https://t.co/53N2di1oke Hay mas incumplimiento en las clases medias bajas y las bajas porque TIENEN QUE SALIR A LABURAR. No lo entiende este z√°ngano porque nunca labur√≥.
181	@spitta1969 @jaleyesru se refer√≠a al hije del presidente que anda de fiesta clandestina en fiesta clandestina
182	C√°llate, c√°llate, que me desesperas! https://t.co/53N2di1oke Hay mas incumplimiento en las clases medias bajas y las bajas porque TIENEN QUE SALIR A LABURAR. No lo entiende este z√°ngano porque nunca labur√≥.
182	@spitta1969 Es un inepto .... o todos son ineptos o venden su capacidad por un par d bolsos.... sino no se entiende
183	C√°llate, c√°llate, que me desesperas! https://t.co/53N2di1oke Hay mas incumplimiento en las clases medias bajas y las bajas porque TIENEN QUE SALIR A LABURAR. No lo entiende este z√°ngano porque nunca labur√≥.
183	@spitta1969 Si hubiera participado alguna vez en alg√∫n proceso productivo, no ser√≠a K. Se es K a partir de la ignorancia.
184	C√°llate, c√°llate, que me desesperas! https://t.co/53N2di1oke Hay mas incumplimiento en las clases medias bajas y las bajas porque TIENEN QUE SALIR A LABURAR. No lo entiende este z√°ngano porque nunca labur√≥.
184	@spitta1969 Ojo que para muchos robar tambi√©n es un laburo y estos par√°sitos tienen varias vidas de afano
185	C√°llate, c√°llate, que me desesperas! https://t.co/53N2di1oke Hay mas incumplimiento en las clases medias bajas y las bajas porque TIENEN QUE SALIR A LABURAR. No lo entiende este z√°ngano porque nunca labur√≥.
185	@spitta1969 Sumado a la degradaci√≥n del sistema educativo, que afecta en mayor medida a esos sectores
186	C√°llate, c√°llate, que me desesperas! https://t.co/53N2di1oke Hay mas incumplimiento en las clases medias bajas y las bajas porque TIENEN QUE SALIR A LABURAR. No lo entiende este z√°ngano porque nunca labur√≥.
186	@spitta1969 Como todos los que est√°n en el gobierno...m√°s los militontos y chorros de la provincia!!!!
187	üì° ESTA NOCHE ‚ñ∂ Minuto Uno con @fllorenteantoni.  ‚òë Hoy: @FilmusDaniel, @ernestorr, @ljuez y @Lipovetzky   üê¶Sumate con #AulasEnDisputa  üì≤ A las 20 hs. por @C5N y https://t.co/Og7yNyDbVx https://t.co/SeaYeBTNwp
187	@C5N @fllorenteantoni @FilmusDaniel @ernestorr @ljuez @Lipovetzky Peg√≥ 2 gritos y abrieron los colegios, que cagaso le tienen al üê±
188	üì° ESTA NOCHE ‚ñ∂ Minuto Uno con @fllorenteantoni.  ‚òë Hoy: @FilmusDaniel, @ernestorr, @ljuez y @Lipovetzky   üê¶Sumate con #AulasEnDisputa  üì≤ A las 20 hs. por @C5N y https://t.co/Og7yNyDbVx https://t.co/SeaYeBTNwp
188	@C5N @fllorenteantoni @FilmusDaniel @ernestorr @ljuez @Lipovetzky Cuando van a hacer un programa sobre la Fundaci√≥n Il√≠cita para el Choreo Kirchnerista?
189	üì° ESTA NOCHE ‚ñ∂ Minuto Uno con @fllorenteantoni.  ‚òë Hoy: @FilmusDaniel, @ernestorr, @ljuez y @Lipovetzky   üê¶Sumate con #AulasEnDisputa  üì≤ A las 20 hs. por @C5N y https://t.co/Og7yNyDbVx https://t.co/SeaYeBTNwp
189	@C5N @fllorenteantoni @FilmusDaniel @ernestorr @ljuez @Lipovetzky Hay esta gente que amaga para un lado y sale para el otro...ü§¶‚Äç‚ôÇÔ∏è https://t.co/m0yFe59rKE
190	üì° ESTA NOCHE ‚ñ∂ Minuto Uno con @fllorenteantoni.  ‚òë Hoy: @FilmusDaniel, @ernestorr, @ljuez y @Lipovetzky   üê¶Sumate con #AulasEnDisputa  üì≤ A las 20 hs. por @C5N y https://t.co/Og7yNyDbVx https://t.co/SeaYeBTNwp
190	@C5N @fllorenteantoni @FilmusDaniel @ernestorr @ljuez @Lipovetzky Pero son pelotudos? Si la Fundacion esta anotada... por que seria fantasma?
191	Ac√° en C√≥rdoba no s√≥lo veo barbijos mal puestos sino q la mitad de las personas ya ni lo usan.  Se nos viene muy muy jodida en marzo-abril si no recuperamos los cuidados que ten√≠amos en octubre. https://t.co/36bqK2nY2y
191	@rquiroga777 Pero Formosa usa m√©todos dictatoriales contra la pobre gente que ejerce su libertad de circular y coso.
192	"Entre las medidas del primer d√≠a del gobierno de Biden para apurar las vacunas: ""explorar"" la idea de uso temporario de una sola dosis. Pero no se puede, Joe, lo dijeron aqu√≠ en twitter. https://t.co/8POhqQFzss"
192	@ernestorr Si la apuesta es a cortar la circulaci√≥n ya se vio que no alcanza. Y con el riesgo de que se prolongue muchisimo. El secreto para que esto termine es ponerse a producir en serio.
193	"Entre las medidas del primer d√≠a del gobierno de Biden para apurar las vacunas: ""explorar"" la idea de uso temporario de una sola dosis. Pero no se puede, Joe, lo dijeron aqu√≠ en twitter. https://t.co/8POhqQFzss"
193	@ernestorr Mire Doc, con todo el respeto que le tengo,si ya dijimos los tuiteros que no se puede dar una sola dosis para apurar no se puede, no insista
194	‚û°Ô∏èPlan Nacional de Vacunaci√≥n COVID-19  Compartimos informaci√≥n sobre la cantidad de dosis distribuidas en nuestro pa√≠s.  #CuidarteEsCuidarnos #ArgentinaUnida https://t.co/hAnja0r3SD
194	@msalnacion No les da verg√ºenza???? 45 millones de argentinos!. 9 meses de confinamiento!. IN√öTILES E INEPTOS.
195	La vacuna israel√≠ podr√≠a llegar a la Argentina en los pr√≥ximos meses @Hadassah @SergioUrribarri @argenisrael @gjidiener @ginesggarcia @DrDanielGollan @FernanQuirosBA @msalnacion https://t.co/oPJamNCvUY https://t.co/no3iiMxaDt
195	@AgenciaAJN @FernandezAnibal @Hadassah @SergioUrribarri @argenisrael @gjidiener @ginesggarcia @DrDanielGollan @FernanQuirosBA @msalnacion Hay que recortarse algo...?
196	¬øEl ex secretario @RubinsteinOk ya es columnista oficial de @radioconvos899? Est√° en todos los programas. Digno de atenci√≥n.
196	@RuSzuchmacher @RubinsteinOk @radioconvos899 Bueno, Rub√©n!! Como m√©dico ya no le cree nadie asi que arranc√≥ de columnista
197	¬°Buenas noticias! Para los que preguntaban cu√°ndo llegan m√°s vacunas, ayer se firm√≥ el contrato con Sinopharm para la llegada de 3 millones de dosis la semana pr√≥xima üòÉ https://t.co/yrTImuZYnA
197	@norabar Nora, va siendo hora de que expliquen bien clarito por qu√© sirve vacunar a los menores de 60 tambi√©n, me parece.
198	¬°Buenas noticias! Para los que preguntaban cu√°ndo llegan m√°s vacunas, ayer se firm√≥ el contrato con Sinopharm para la llegada de 3 millones de dosis la semana pr√≥xima üòÉ https://t.co/yrTImuZYnA
198	@norabar No es aplicable a mayores de 60 - se dilapidaron las Sputnik entre Les Pibis !!! Los cient√≠ficos que se sientan en el gobierno est√°n al horno !!
199	¬°Buenas noticias! Para los que preguntaban cu√°ndo llegan m√°s vacunas, ayer se firm√≥ el contrato con Sinopharm para la llegada de 3 millones de dosis la semana pr√≥xima üòÉ https://t.co/yrTImuZYnA
199	@norabar Ninguna buena noticia , una vacuna que no sirve para quienes sufren la mayor mortalidad , los mayores de 60 a√±os. Antes de comprar ni siquiera googlean ??
200	¬°Buenas noticias! Para los que preguntaban cu√°ndo llegan m√°s vacunas, ayer se firm√≥ el contrato con Sinopharm para la llegada de 3 millones de dosis la semana pr√≥xima üòÉ https://t.co/yrTImuZYnA
200	@norabar pero no es apta c mayores de +70, se sabe cuando llegan m√°s de Sputnik V? En CABA mi mam√° no tiene info ( + 70 ella ) gracias !
201	¬°Buenas noticias! Para los que preguntaban cu√°ndo llegan m√°s vacunas, ayer se firm√≥ el contrato con Sinopharm para la llegada de 3 millones de dosis la semana pr√≥xima üòÉ https://t.co/yrTImuZYnA
201	@norabar Pero estas vacunas a√∫n no est√°n aprobadas para mayores de 60 a√±os .... crees que puedan ser aprobada en breve?? Gracias
202	¬°Buenas noticias! Para los que preguntaban cu√°ndo llegan m√°s vacunas, ayer se firm√≥ el contrato con Sinopharm para la llegada de 3 millones de dosis la semana pr√≥xima üòÉ https://t.co/yrTImuZYnA
202	@norabar Nora, sabe ud cu√°ndo llegan las vacunas para mayores de 60. Hay pacientes con enfermedades, como diabetes, que a√∫n no se vacunaron.
203	¬°Buenas noticias! Para los que preguntaban cu√°ndo llegan m√°s vacunas, ayer se firm√≥ el contrato con Sinopharm para la llegada de 3 millones de dosis la semana pr√≥xima üòÉ https://t.co/yrTImuZYnA
203	@norabar Qu√© buena noticia para los j√≥venes! Los adultos mayores siguen postergados. En la Provincia de Buenos Aires, me madre de 86 sin turno a√∫n.
204	¬°Buenas noticias! Para los que preguntaban cu√°ndo llegan m√°s vacunas, ayer se firm√≥ el contrato con Sinopharm para la llegada de 3 millones de dosis la semana pr√≥xima üòÉ https://t.co/yrTImuZYnA
204	@norabar @mercedesmoranb pero es para menores de 60, necesitamos vacunar a la gente mayor! por favor q se acerca la 2da ola!
205	¬°Buenas noticias! Para los que preguntaban cu√°ndo llegan m√°s vacunas, ayer se firm√≥ el contrato con Sinopharm para la llegada de 3 millones de dosis la semana pr√≥xima üòÉ https://t.co/yrTImuZYnA
205	@norabar @mercedesmoranb Cuando llegan vacunas para los adultos mayores, que son los de m√°s riesgo? Supongo que las que llegan se las aplicar√°n a los diab√©ticos y https://t.co/XpqZ5y91S3 salud, no?
206	¬°Buenas noticias! Para los que preguntaban cu√°ndo llegan m√°s vacunas, ayer se firm√≥ el contrato con Sinopharm para la llegada de 3 millones de dosis la semana pr√≥xima üòÉ https://t.co/yrTImuZYnA
206	@norabar Bien!!! As√≠  completamos los 10.000.000 de vacunados en febrero...
207	¬°Buenas noticias! Para los que preguntaban cu√°ndo llegan m√°s vacunas, ayer se firm√≥ el contrato con Sinopharm para la llegada de 3 millones de dosis la semana pr√≥xima üòÉ https://t.co/yrTImuZYnA
207	@norabar Hola, Nora. Una consulta: ¬øaproximadamente para cu√°ndo estar√°n las vacunas para personas de cincuentipico? ¬øEste a√±o se llegar√°? Gracias!
208	¬°Buenas noticias! Para los que preguntaban cu√°ndo llegan m√°s vacunas, ayer se firm√≥ el contrato con Sinopharm para la llegada de 3 millones de dosis la semana pr√≥xima üòÉ https://t.co/yrTImuZYnA
208	@norabar Pero ten√≠amos contrato con la sputnik por 20 millones y estamos c√≥mo estamos. C√≥mo sabemos si estas llegan o no??
209	¬°Buenas noticias! Para los que preguntaban cu√°ndo llegan m√°s vacunas, ayer se firm√≥ el contrato con Sinopharm para la llegada de 3 millones de dosis la semana pr√≥xima üòÉ https://t.co/yrTImuZYnA
209	@norabar Hola Nora. Ahora que tenemos esa respuesta mi pregunta es si se sabe aproximadamente cu√°nto falta para que la aprueben para mayores de 60. Gracias!
210	¬°Buenas noticias! Para los que preguntaban cu√°ndo llegan m√°s vacunas, ayer se firm√≥ el contrato con Sinopharm para la llegada de 3 millones de dosis la semana pr√≥xima üòÉ https://t.co/yrTImuZYnA
210	@norabar Nora buenas tardes. Ten√©s conocimiento de si se abrir√° la inscripci√≥n para aplicar vacuna a pacientes trasplantados? Hay desde ni√±os hasta ancianos con esa condici√≥n!
211	¬°Buenas noticias! Para los que preguntaban cu√°ndo llegan m√°s vacunas, ayer se firm√≥ el contrato con Sinopharm para la llegada de 3 millones de dosis la semana pr√≥xima üòÉ https://t.co/yrTImuZYnA
211	@norabar Los pendejos militantes festejan verdad @carlavizzotti ? Se las van a repartir entre les chiques de 18 a 31 a√±os
212	¬°Buenas noticias! Para los que preguntaban cu√°ndo llegan m√°s vacunas, ayer se firm√≥ el contrato con Sinopharm para la llegada de 3 millones de dosis la semana pr√≥xima üòÉ https://t.co/yrTImuZYnA
212	@norabar Porque dicen que no sirve,ayer me dieron la 1er dosis y en 30 d√≠as me llaman para la 2da dosis
213	¬°Buenas noticias! Para los que preguntaban cu√°ndo llegan m√°s vacunas, ayer se firm√≥ el contrato con Sinopharm para la llegada de 3 millones de dosis la semana pr√≥xima üòÉ https://t.co/yrTImuZYnA
213	@norabar Aj√°. Y alguna que puedan darse los que m√°s la necesitan como ser los de 60+ y los que tienen riesgo por comorbilidades?
214	¬°Buenas noticias! Para los que preguntaban cu√°ndo llegan m√°s vacunas, ayer se firm√≥ el contrato con Sinopharm para la llegada de 3 millones de dosis la semana pr√≥xima üòÉ https://t.co/yrTImuZYnA
214	@norabar A ver...los que colapsan el sistema y se mueren son los adultos mayores. No ser√≠a mejor noticia que vinieran vacunas adecuadas para ellos?
215	¬°Buenas noticias! Para los que preguntaban cu√°ndo llegan m√°s vacunas, ayer se firm√≥ el contrato con Sinopharm para la llegada de 3 millones de dosis la semana pr√≥xima üòÉ https://t.co/yrTImuZYnA
215	@norabar Yo sigo esperando  soy +60. De acuerdo a lo que estoy viendo quedaremos a la cola mal. Nos van a vacunar con los de 30 üòî
216	¬°Buenas noticias! Para los que preguntaban cu√°ndo llegan m√°s vacunas, ayer se firm√≥ el contrato con Sinopharm para la llegada de 3 millones de dosis la semana pr√≥xima üòÉ https://t.co/yrTImuZYnA
216	@norabar Q bien . Ya estaba  pregunt√°ndome  porq  no guardaban vacunas para mayores de 60 cuya autorizaci√≥n est√° por ocurrir
217	¬°Buenas noticias! Para los que preguntaban cu√°ndo llegan m√°s vacunas, ayer se firm√≥ el contrato con Sinopharm para la llegada de 3 millones de dosis la semana pr√≥xima üòÉ https://t.co/yrTImuZYnA
217	@norabar @niqueco Supongo que para cuando lleguen van a estar aprobadas para +60 no? Sino van a terminar vacunando √∫ltimos a los viejos.
218	¬°Buenas noticias! Para los que preguntaban cu√°ndo llegan m√°s vacunas, ayer se firm√≥ el contrato con Sinopharm para la llegada de 3 millones de dosis la semana pr√≥xima üòÉ https://t.co/yrTImuZYnA
218	@norabar Nora estoy en un grupo de voluntarios de esta vacuna y hab√≠an prometido vacunar placebos apenas llegaba al pa√≠s. Siguen bicicleteandolos hace semanas. Sab√©s algo de esto?
219	¬°Buenas noticias! Para los que preguntaban cu√°ndo llegan m√°s vacunas, ayer se firm√≥ el contrato con Sinopharm para la llegada de 3 millones de dosis la semana pr√≥xima üòÉ https://t.co/yrTImuZYnA
219	@norabar Nora ... prometieron a esta altura 20 palos de vacunas.... donde est√°n? No te pregunto por las del vacunatorio VIP... esas si sabemos donde estan
220	El ANLIS-MALBR√ÅN detect√≥ la variante de Amazonas P.1 en dos muestras, y la variante de R√≠o de Janeiro P.2 en otros dos viajeros. Todos provenientes de Brasil.
220	@norabar Cuando Jap√≥n alert√≥ sobre la cepa de Amazonas pedimos cerrar la frontera con Brasil, realmente es dif√≠cil entender la necedad del gobierno al no hacerlo
221	El ANLIS-MALBR√ÅN detect√≥ la variante de Amazonas P.1 en dos muestras, y la variante de R√≠o de Janeiro P.2 en otros dos viajeros. Todos provenientes de Brasil.
221	@norabar @edit_iris Entiendo que las cepas no viajaron solas desde Brasil...  Pregunta: Habr√≠a que identificar a sus Portadores y darles un voleo en el ort..., verdad ???
222	El ANLIS-MALBR√ÅN detect√≥ la variante de Amazonas P.1 en dos muestras, y la variante de R√≠o de Janeiro P.2 en otros dos viajeros. Todos provenientes de Brasil.
222	@norabar @vaneGray Segunda ola garantizada si para mayo no esta vacunado el 50% de la poblacion...esa meta es compleja de alcanzar
223	El ANLIS-MALBR√ÅN detect√≥ la variante de Amazonas P.1 en dos muestras, y la variante de R√≠o de Janeiro P.2 en otros dos viajeros. Todos provenientes de Brasil.
223	@norabar Pero a√∫n sigue sin haber vacuna para les agentes de la salud de ese prestigioso instituto que viven poniendo el cuerpo y el conocimiento.
224	El ANLIS-MALBR√ÅN detect√≥ la variante de Amazonas P.1 en dos muestras, y la variante de R√≠o de Janeiro P.2 en otros dos viajeros. Todos provenientes de Brasil.
224	@norabar Si no cierran ya, estamos listos. Le√≠ x ah√≠ que se est√° desarrollando una vacuna contra la cepa sudafricana, ser√° alguna de las que ya existen u otra ?
225	La epidemia de Covid en Manaos se descontrola y muchos cient√≠ficos creen que puede ser por la nueva variante de SARS-CoV-2 con m√∫ltiples mutaciones, dice @DrEricDingüëá https://t.co/haXlTX6Y0R
225	@norabar @DrEricDing Dios no quiera , aunque si no es esta va a ser otra lamentablemente... todo indica que estamos ante un virus ü¶† que todos los a√±os vamos a tener que combatir .
226	La epidemia de Covid en Manaos se descontrola y muchos cient√≠ficos creen que puede ser por la nueva variante de SARS-CoV-2 con m√∫ltiples mutaciones, dice @DrEricDingüëá https://t.co/haXlTX6Y0R
226	@norabar @DrEricDing No s√© que est√°n esperando para cerrar fronteras Argentina/Brasil. Veo cientos de posteos de argentinos viajando o por hacerlo.
227	La epidemia de Covid en Manaos se descontrola y muchos cient√≠ficos creen que puede ser por la nueva variante de SARS-CoV-2 con m√∫ltiples mutaciones, dice @DrEricDingüëá https://t.co/haXlTX6Y0R
227	@norabar @DrEricDing Estamos en el horno. Ya deber√≠an estar modificando las vacunas sobre la marcha si ya tienen ma secuenciaci√≥n de los linajes nuevos.
