1	No Kichi: no fue una espantosa campa√±a anti vacunas. Vos y tu esposa no lo entender√≠an jamas. Un economista y una doctora en letras. Por dios. No entendieron nada. BURROS.
1	@spitta1969 Obviamente, nada hay m√°s PRO vacunas q exigir seriedad y transparencia a las autoridades sanitarias en la aplicaci√≥n de las vacunas.   Lo q hacen los k no es ser pro vacunas, es ser pro privilegios, pro tongo, pro acuerdos bajo la mesa, pro tranza, etc.
2	Las vacunas de vectores virales no son tecnolog√≠a vieja, es tecnolog√≠a nueva.  Lo que no es nuevo es la chantada nacional de hablar sin saber. https://t.co/VKkXjC2C5r
2	@ernestorr Ernesto,las vacunas tienen 2 dosis,pero no todas son iguales,los pol√≠ticos y muchos periodistas opinan como si supieran.Lamentablemente hay m√©dicos asesores que se nota que est√°n condicionados por la pol√≠tica¬øTiene seriedad hablar de aplicar 1 dosis y diferir la otra,de SputnikV?
3	Las vacunas de vectores virales no son tecnolog√≠a vieja, es tecnolog√≠a nueva.  Lo que no es nuevo es la chantada nacional de hablar sin saber. https://t.co/VKkXjC2C5r
3	"@ernestorr No se como no se dan cuenta: ""Sputnik V"" es la sigla de ""Es Putin y K con la V (de la Victoria)""... por eso la gente linda de este pa√≠s de anglosajones de sangre azul se indigna tanto !!!! Vladimir Putin, Elon Musk, Bill Gates, Jeff Bezos y George Soros trabajan para ella!"
4	Las vacunas de vectores virales no son tecnolog√≠a vieja, es tecnolog√≠a nueva.  Lo que no es nuevo es la chantada nacional de hablar sin saber. https://t.co/VKkXjC2C5r
4	"@ernestorr NO VEN√çAN LAS VACUNAS  vinieron NO VEN√çA LA 2¬∞ DOSIS viene LA VACUNA ""RUSA"" NO SIRVE Est√° en el mundo PROVOCABA EFECTOS GRAVES No los provoca QUE NO LLEGAMOS A VACUNAR Estamos vacunando SPUNICK NO TIENE PAPELES Los tiene ANMAT PARA QUIEN JUEGA PROMUERTE Parecen lobistas de Pfizer"
5	Las vacunas de vectores virales no son tecnolog√≠a vieja, es tecnolog√≠a nueva.  Lo que no es nuevo es la chantada nacional de hablar sin saber. https://t.co/VKkXjC2C5r
5	@ernestorr Ya tir√≥ candadito. Un tuit mentiroso e insostenible. En todo caso lo hubiera borrado y aclarado que lo que dijo no era cierto y se equivoc√≥ como nos pasa a muchos y me incluyo,si es q iba con la mejor intenci√≥n(muy optimista yo). Pero no,el orgullo y ego injustificado puede m√°s. https://t.co/DZ2eVttD0h
6	Las vacunas de vectores virales no son tecnolog√≠a vieja, es tecnolog√≠a nueva.  Lo que no es nuevo es la chantada nacional de hablar sin saber. https://t.co/VKkXjC2C5r
6	@ernestorr @leoysubrayo Los fanaticos son est√∫pidos sin importar de que lado vengan, este hilo lo demuestra  con creces, lo √∫nico cierto es que la sputnik no fue lo suficientemente testeada y que por eso solo se aplica en rusia, y no demasiado, y en argentina, a fue aprobada en bielorusia
7	Las vacunas de vectores virales no son tecnolog√≠a vieja, es tecnolog√≠a nueva.  Lo que no es nuevo es la chantada nacional de hablar sin saber. https://t.co/VKkXjC2C5r
7	@ernestorr Me hace acordar al chiste que dec√≠a que los yankees descubrieron que las lapiceras no funcionaban en el espacio, entonces gastaron cien millones de d√≥lares en desarrollar una tecnolog√≠a nueva de lapiceras que funcionaban en cualquier ambiente. Los rusos usaron un l√°piz.
8	El colmo de la corrupci√≥n es robar vacunas cuya verdadera eficacia se desconoce. No s√© ya si es corrupci√≥n o merece otro nombre. Por lo menos rob√°te de la buenas!
8	@spitta1969 Creo que el solo hecho que pase el tiempo, nos permitir√° ver la magnitud de la corrupci√≥n a la que pueden llegar, as√≠ como la ineptitud m√°s flagrante para administrar el pa√≠s. Esperemos peores cosas, porque no van a poder mejorar nada. Son esto que estamos viendo.
9	El colmo de la corrupci√≥n es robar vacunas cuya verdadera eficacia se desconoce. No s√© ya si es corrupci√≥n o merece otro nombre. Por lo menos rob√°te de la buenas!
9	@spitta1969 Creo qu√© hay que separar los conceptos. Por un lado est√° la eficacia o no de la vaciaba y por el otro que se haya vacunado gente que no deb√≠a, en lugar de quienes  m√°s la necesitaban. Esto √∫ltimo es lo que qued√≥ en evidencia : la existencia de privilegios.
10	El colmo de la corrupci√≥n es robar vacunas cuya verdadera eficacia se desconoce. No s√© ya si es corrupci√≥n o merece otro nombre. Por lo menos rob√°te de la buenas!
10	@spitta1969 La EFICACIA, NO me preocupa tanto como las CONTRAINDICACIONES y los EFECTOS SECUNDARIOS que pueda tener la VACUNA contra el COVID y que perjudiquen la salud de la gente. Pero a la mayor√≠a, √©sto no les preocupa. SINIESTRO
11	El colmo de la corrupci√≥n es robar vacunas cuya verdadera eficacia se desconoce. No s√© ya si es corrupci√≥n o merece otro nombre. Por lo menos rob√°te de la buenas!
11	@spitta1969 Sandra, en realidad creo que es s√≥lo una trampa.. lo han hecho en otros pa√≠ses.. falsos vacu_nados vip para prestigiar una soluci√≥n que es m√°s letal que lo que pretende curar.. y con efectos adversos graves ya en el corto plazo, qui√©n sabe en el largo..
12	Comparto #MinutoSalud, el resumen de las acciones de gesti√≥n del @msalnacion de esta semana.   #ArgentinaUnida https://t.co/CORUzEquDu
12	@ginesggarcia @msalnacion Gines sigamos festejando el caballo de troya que le metiste a la militancia del ABORTO, para que Alberto, Vilma y Losardo sigan siendo los CARCELEROS de los presos politicos, y sean ahora tambien los GARANTES de la impunidad de Mauricio Macri y su banda....
13	Comparto #MinutoSalud, el resumen de las acciones de gesti√≥n del @msalnacion de esta semana.   #ArgentinaUnida https://t.co/CORUzEquDu
13	@ginesggarcia @msalnacion Mientras este se√±or obeso charla, los que laburamos en estad√≠sticas seguimos esperando por un informe que, en teor√≠a y s√≥lo en teor√≠a, deber√≠an publicar todos los d√≠as a las 19:00. En la pr√°ctica lo publican cuando se les canta. As√≠ estamos.
14	Y a estas eminencias no se les ocurri√≥ vacunar con vacunas buenas? O siguen arrastr√°ndose ante la lideresa? https://t.co/2KomavLuSA
14	@spitta1969 Estas eminencias tampoco intervienen por el da√±o a la salud de consumir AGUA de un charco o de mujeres que transcurren su EMBARAZO en un monte, de RECI√âN  NACIDOS separados al nacer de sus madres y  m√°s ü§îEs Formosa no le importa a los cient√≠ficosüò¢üò°‚òπÔ∏è
15	Y a estas eminencias no se les ocurri√≥ vacunar con vacunas buenas? O siguen arrastr√°ndose ante la lideresa? https://t.co/2KomavLuSA
15	@spitta1969 Los cierres de fronteras se debieran haber hecho el a√±o pasado y no abrir y cerrar por ese motivo aparecieron las variantes. Cuando se declara una Pandemia una de las medidas a tomar es el cierre de fronteras pero para mi forma de ver lo hicieron mal en el mundo.
16	Y a estas eminencias no se les ocurri√≥ vacunar con vacunas buenas? O siguen arrastr√°ndose ante la lideresa? https://t.co/2KomavLuSA
16	@spitta1969 Eminentes cient√≠ficos que no saben que la funci√≥n de un cient√≠fico no es sugerir pol√≠ticas de Estado. Mamita querida que bouquet de pelotudos. Estoy esperando que los eminentes cient√≠ficos se pronuncien ante el deterioro abismal de conicet.
17	Y a estas eminencias no se les ocurri√≥ vacunar con vacunas buenas? O siguen arrastr√°ndose ante la lideresa? https://t.co/2KomavLuSA
17	"@spitta1969 Si estos son eminentes cient√≠ficos, yo soy Pasteur y Sabin juntos. Qu√© f√°cil es la etiqueta ""eminente cient√≠fico"" en este pobre pa√≠s tan pauperizado en ciencia que cualquier gil que labura en USA adquiere el rango."
18	Para cordobeses mayores de 70, entren al CiDi una vez por d√≠a a chequear porque los mensajes de turno de vacunaci√≥n no est√°n llegando! https://t.co/ixspyuVFDH
18	@rquiroga777 A mi madre le lleg√≥ el domingo por la tarde y a mi t√≠a tambi√©n por suerte pero intent√© hacer un blanqueo del pin y el mensaje no me llega al celular por m√°s veces q lo intento, el n√∫mero de atenci√≥n telef√≥nica me d√° una casilla de msj de Claro a la q no se le pueden dejar m√°s msj
19	"Mientras faltan vacunas en todo el mundo, ""decenas de millones de dosis de la de AstraZeneca se acumulan en dep√≥sitos de los EEUU"", dice @zeynep üëá https://t.co/gzmpEvOjBw"
19	"@norabar @zeynep Lo m√°s incre√≠ble de todo, es que por razones de ""me gusta/no me gusta"" determinada persona, no nos indignemos de que ocurran esas cosas. Varios pa√≠ses cuentan con 5 a 9 dosis por persona. Pero no, lo indignante es a quien votaste. Qu√© sociedad b√°sica que somos."
20	"Mientras faltan vacunas en todo el mundo, ""decenas de millones de dosis de la de AstraZeneca se acumulan en dep√≥sitos de los EEUU"", dice @zeynep üëá https://t.co/gzmpEvOjBw"
20	@norabar @zeynep La voracidad del capitalismo se muestra en toda su crudeza. Los fil√≥sofos y otros tontos que pens√°bamos que el mundo saldr√≠a mejor y m√°s solidario de esto est√°bamos equivocados. S√≥lo ayudaron los m√°s pobres (Cuba y Venezuela) a Brasil por ejemplo. Gracias Nora
21	Ya empezamos a ver efectos de la vacunaci√≥n? La proporci√≥n de infectados que son personal de salud disminuy√≥ much√≠simo.  Muy buen gr√°fico de Mart√≠n! üëèüëèüëè https://t.co/msvPNYxhh7
21	@rquiroga777 Yo no se qu√© ven. Los casos bajan solos desde hace meses y suben solos. Por ejemplo en este gr√°fico se aprecia la MISMA suba de casos por la que quer√≠an implementar toque de queda en Enero, y la misma bajada repentina por la que no dijeron nada luego. No hay nada especial aqu√≠.
22	Ya empezamos a ver efectos de la vacunaci√≥n? La proporci√≥n de infectados que son personal de salud disminuy√≥ much√≠simo.  Muy buen gr√°fico de Mart√≠n! üëèüëèüëè https://t.co/msvPNYxhh7
22	@rquiroga777 Ojala sea eso, as√≠ tienen un margen m√°s amplio para el trabajo que desarrollan. El descenso que habr√≠a que tomar es el del 20/1?, porque ah√≠ calculo que empezaron a tener algo de inmunidad ya que empezaron a vacunarse a fines de diciembre.
23	"No. Y me da verg√ºenza este comunicado. VERGUENZA. https://t.co/kZKA8nOHoh Los vacunatorios VIP no son ""problemas"". Son un robo. Son delincuencia."
23	@spitta1969 El robo de vacunas o pon√©rsela a alguien que no le corresponde, no me vengan con personal estrat√©gico, es un hecho inadmisible que solo los cobardes, timoratos, corruptos y de conciencia d√©bil la admiten. El documento da verg√ºenza
24	"No. Y me da verg√ºenza este comunicado. VERGUENZA. https://t.co/kZKA8nOHoh Los vacunatorios VIP no son ""problemas"". Son un robo. Son delincuencia."
24	@spitta1969 A m√≠e das verg√ºenza vos, solo vos!  Investigadora y de la forma q hablas, incre√≠ble.  Vos pensas q hablando y menospreciando al Presidente y a los de abajo, logras algo  No, sos una m√°s.  Segu√≠ tirando q solo sos una m√°s.  Con todo respeto.
25	"No. Y me da verg√ºenza este comunicado. VERGUENZA. https://t.co/kZKA8nOHoh Los vacunatorios VIP no son ""problemas"". Son un robo. Son delincuencia."
25	@spitta1969 @rufus651102 Cuando se est√° acostumbrado a robar se roba de todo : empezando por dinero , se sigue con las vacunas y al final las esperanzas de los m√°s idiotas que cre√≠an en esos ladrones
26	"No. Y me da verg√ºenza este comunicado. VERGUENZA. https://t.co/kZKA8nOHoh Los vacunatorios VIP no son ""problemas"". Son un robo. Son delincuencia."
26	"@spitta1969 Son un robo de qu√©, espec√≠ficamente? De vacunas que no sirven ""flojas de papeles""?   Creo que deben aclarar si creen que la Sputnik es un peligro para la salud, o si realmente ayuda a salvar vidas. Un mensaje claro bastar√≠a para terminar con esa confusi√≥n."
27	Covid-19 Llegaron las vacunas @gaticavice  @Kicillofok @RegionSanX @msalnacion @SaludBAP https://t.co/UAu4NR4Ty3
27	@PrensaBragado @BAProvincia @gaticavice @Kicillofok @RegionSanX @msalnacion @SaludBAP Se tomaron su tiempo!! Vinieron m√°s r√°pido desde Rusia que hacer 350 km para llegar a Bragado. Gobierno de Zaraza!! Vacunen de una vez y dejen de hacer pol√≠tica, esto es serio.
28	Orgulloso del trabajo realizado en equipo del @msalnacion en recorrida junto a Provincia de Buenos Aires y Municipios de la¬†costa bonaerense. https://t.co/rVStPzTOoy
28	@ginesggarcia @msalnacion Combatir la peste que voltea hasta los pa√≠ses m√°s poderosos del mundo es una lucha sin tregua. La demanda de vacunas es el problema, pero comunicar claro que otras vacunas se est√°n negociando, ayudaria y les restar√≠a poder a la prensa sorete que disfruta cuando las cosas no salen
29	Suerte que el ministro que ten√≠a encanutadas las vacunas en su auto era de Cambiemos, as√≠ les ahorra la indignaci√≥n.
29	@NicoOlsze Ni lo sue√±es. Me cans√© de ver tuits con el # pidiendo la renuncia de la ministra... por lo que hizo el correntino. No saben ni en qu√© distritos son gobierno. O la excusa de que Naci√≥n tiene que controlar todo (si lo hacen, se enojan por la intromisi√≥n). Son como la gata Flora.
30	Suerte que el ministro que ten√≠a encanutadas las vacunas en su auto era de Cambiemos, as√≠ les ahorra la indignaci√≥n.
30	@NicoOlsze Que bueno es verse boen lejos de uds. Y mientras uds son complices y justifican todos los robos kirchneristas, uno quiere q echen a los corruptos k, de macri, ucr o el q sea. Esa es la grieta, los complices x unos pesos y los q buscamos justicia y q vacunen a nuestros viejos.
31	Qu√© desesperados est√°n. Siempre que est√°n as√≠ de locos, intentan meter a todos en el lodo. Son extorsionadores seriales. https://t.co/4evXAExzf1
31	@spitta1969 @Quemero1971 El Gobernadorcito Kichil√≥, te acaba de citar. No se le entendi√≥ un pomo lo que quiso decir, pero termin√≥ diciendo que ten√≠as derecho a hacerlo. Coherente.
32	Qu√© desesperados est√°n. Siempre que est√°n as√≠ de locos, intentan meter a todos en el lodo. Son extorsionadores seriales. https://t.co/4evXAExzf1
32	@spitta1969 Act√∫an como los chavistas, vacunas solo para ellos, el resto que se arregle. Bueno, es normal porque est√°n cortados por la misma tijera. Pasa que son como los ladrones (de hecho eso son), ven a otros de su misma condici√≥n ‚úåüèø  #GobiernoCriminalyCorrupto #ElPeorGobiernoDeLaHistoria
33	Qu√© desesperados est√°n. Siempre que est√°n as√≠ de locos, intentan meter a todos en el lodo. Son extorsionadores seriales. https://t.co/4evXAExzf1
33	@spitta1969 Mientras estos espec√≠menes intentan maniobras absurdas para disimular y derivar responsabilidades, su presidente se entierra en una conferencia de prensa internacional. S√≠ ante los ojos del mundo. Hablame de desbande.
34	Qu√© desesperados est√°n. Siempre que est√°n as√≠ de locos, intentan meter a todos en el lodo. Son extorsionadores seriales. https://t.co/4evXAExzf1
34	"@spitta1969 Siempre son ej√©rcitos de ""nadies"", militantes, cobrando del Estado, en puestos pol√≠ticos y terminan en la nada. Como las 1000 denuncias del servicio Tahilade.PJasco"
35	Qu√© desesperados est√°n. Siempre que est√°n as√≠ de locos, intentan meter a todos en el lodo. Son extorsionadores seriales. https://t.co/4evXAExzf1
35	@spitta1969 en dos d√≠as y sin complicaciones consegu√≠ turno para m√≠ mam√° , mayor de 80 y para m√≠ por profesional de la.salud. Y gratis. En CABA #Larreta #VacunasCOVID19 #CABA #gcba @horaciorlarreta
36	Qu√© desesperados est√°n. Siempre que est√°n as√≠ de locos, intentan meter a todos en el lodo. Son extorsionadores seriales. https://t.co/4evXAExzf1
36	@spitta1969 casualmente el d√≠a que asumi√≥ en reemplazo de Gin√©s Gonz√°lez Garc√≠a, el ministerio que ahora dirige Vizzoti le adjudic√≥ un contrato por $120 millones a la empresa donde trabaja su cu√±ada.
37	No logro que nade me explique esto. @rquiroga777 ? @FabBallarini ? Quiz√° es una pregunta boluda. https://t.co/4fc2PuUTLx
37	@hitchpster @FabBallarini Mezcla dosis 1 y 2. Pero adem√°s podr√≠a haber m√°s que lo establecido en la resoluci√≥n. Hay distritos que incluyeron profesionales de la salud independientes, por ejemplo, que entiendo no estaban contabilizados inicialmente.
38	‚úÖ Por recomendaci√≥n de la @ANMATSalud, el @msalnacion autoriz√≥ el uso de la vacuna Sputnik V en mayores de 60 a√±os. https://t.co/mL1A7LelAI
38	@PAMI_org_ar @ANMATsalud @msalnacion GRACIAS POR INFO, Y X TENERLOS EN ESTOS MOMENTOS, HAY ANGUSTIA EN AFILIADOS CABA, NADA SABEMOS DE COMO, DONDE Y CUANDO. NOS SEGIMOS CUIDANDO. PERO SERIA MUY IMPORTANTE Q PAMI AYUDARA C/ORGANIZAR EN CABA, Q NADA DE INFORMACION TENEMOS, NO HAY INSCRIPCION VOLUNTARIA, FACILITARIA!
39	Suspendamos la evidencia cient√≠fica! A donde vamos no necesitamos estad√≠sticas!! Ni evidencias!! Solo nos mueve la FE!!!! https://t.co/8FxlLsczVA
39	@spitta1969 El suero es efectivo en la fase inicial de la enfermedad, evitando q el 45% de los pacientes evolucione de forma negativa. Una vez q la enfermedad desato la reacci√≥n inflamatoria no tiene ning√∫n caso aplicarlo.
40	Suspendamos la evidencia cient√≠fica! A donde vamos no necesitamos estad√≠sticas!! Ni evidencias!! Solo nos mueve la FE!!!! https://t.co/8FxlLsczVA
40	@spitta1969 Sandra, ¬øcual es tu opini√≥n, c√≥mo cient√≠fica, de la vacuna desarrollada por el Beijing Institute of Biotechnology, CanSino Biologics Inc, de China? Conf√≠o en tu criterio cient√≠fico para orientarme, muchas gracias.
41	Una de las bolsas negras que representan cad√°veres en la marcha de Cambiemos tiene el nombre de Estela de Carlotto.
41	@NicoOlsze Es inaceptable que este acto quede impune. Debe actuar inmediatamente el gobierno iniciando en principio una acci√≥n penal contra estas organizaciones. El fascismo costo millones de vidas hace demasiado poco tiempo al mundo y en la argentina hace aun menos tiempo.
42	Una de las bolsas negras que representan cad√°veres en la marcha de Cambiemos tiene el nombre de Estela de Carlotto.
42	@NicoOlsze Estela se vacun√≥ xq se anot√≥ como todos y tiene 90 a√±os, edad x la q se empez√≥ a vacunar, se acerc√≥ al centro q le correspond√≠a y esper√≥ su turno como todos. Q digan q xq ella se vacun√≥ una persona muri√≥ me parece peor q una bajeza. Y el ex presidente orgulloso, terror me dan
43	"Escuch√© un audio de una m√©dica q dec√≠a q en un hospital hab√≠an ""sacado una dosis mas "" de los viales de la vacuna sputnik. Una aclaraci√≥n (sigue)"
43	@spitta1969 Ser√° as√≠ realmente? O ser√° a criterio del iluminado que reparte la vacuna? Escuch√© tambi√©n que err√≥neamente hab√≠an aplicado la rusa a unos 50 mayores de 60 a√±os, a pesar de la supuesta limitaci√≥n regulatoria.
44	"Escuch√© un audio de una m√©dica q dec√≠a q en un hospital hab√≠an ""sacado una dosis mas "" de los viales de la vacuna sputnik. Una aclaraci√≥n (sigue)"
44	@spitta1969 De 400 dosis hicieron 500, osea 100 dosis m√°s. No entiendo nada de qu√≠mica, Pero creo que es c√≥mo echarle agua a la leche ü§∑üèº‚Äç‚ôÄÔ∏è
45	"Escuch√© un audio de una m√©dica q dec√≠a q en un hospital hab√≠an ""sacado una dosis mas "" de los viales de la vacuna sputnik. Una aclaraci√≥n (sigue)"
45	@spitta1969 Hay que desterrar los viales multidosis! Me recuerda a la vacuna que te daban en la espalda durante la colimba.  Ni hablar del frasco grande de Lidoca√≠na que en los 80 se usaba en las guardias para las suturas de urgencia.
46	Decenas de millones de dosis de vacunas de Ox/AstraZeneca sin usar almacenadas en EEUU, donde todav√≠a no fue aprobada y quiz√°s nunca lo sea. https://t.co/bhQXu3V04c
46	@ernestorr @emabujan Y ya lo veeee y  ya lo veeee adenovirus de chimpanceeee... Hablando en serio tiene muy baja efectividad con la cepa sudafricana,  y probablemente suceda con otras mutaciones a futuro. Quiz√°s eso influya en la decisi√≥n de los pa√≠ses.  La rusa para mi la 1 como dije hace meses.
47	Decenas de millones de dosis de vacunas de Ox/AstraZeneca sin usar almacenadas en EEUU, donde todav√≠a no fue aprobada y quiz√°s nunca lo sea. https://t.co/bhQXu3V04c
47	@ernestorr @Kicillofok   üôè. Mi suegro hemipl√©jico y af√°sico xACV ten√≠a fecha de vacunaci√≥n x @SanFerMunicipio  el 19/2 se suspendi√≥ se le pas√≥ a @PAMI_org_ar . Nos avisan q lo anotemos particular porq PAMI est√° atrasadoü§¨. Est√° en un hogar x su condici√≥n. NO puede espera r!hogar Amanecer
48	Decenas de millones de dosis de vacunas de Ox/AstraZeneca sin usar almacenadas en EEUU, donde todav√≠a no fue aprobada y quiz√°s nunca lo sea. https://t.co/bhQXu3V04c
48	@ernestorr Cuando ten√©s plata, y pod√©s darte el lujo de tener decenas de millones de vacunas sin usar, pese a que est√°n primeros en el mundo en cantidad de muertes. Mientras tanto ac√° te quieren convencer de privatizar las vacunas, y que las pague el que pueda... #CapitalismoMortal https://t.co/lwZ4Mc3hdp
49	Decenas de millones de dosis de vacunas de Ox/AstraZeneca sin usar almacenadas en EEUU, donde todav√≠a no fue aprobada y quiz√°s nunca lo sea. https://t.co/bhQXu3V04c
49	@ernestorr Doctor Resnik solo una pregunta: La ANMAT Aprob√≥ de emergencia esta vacuna. Sabe si se tomar√° alguna reserva en su distribuci√≥n (El Gobierno alcanz√≥ un acuerdo para adquirir 22.4 millones de dosis), al aparecer este problema?  https://t.co/aq7QHWVXY2
50	Decenas de millones de dosis de vacunas de Ox/AstraZeneca sin usar almacenadas en EEUU, donde todav√≠a no fue aprobada y quiz√°s nunca lo sea. https://t.co/bhQXu3V04c
50	@ernestorr Tres pa√≠ses de la UE suspendieron la aplicaci√≥n.  Por casos de trombosis.  A√∫n en estudio si fue relacionado con la aplicaci√≥n de la Oxford/Astra zeneca.  Alemania y Francia en cambio, siguen aplic√°ndola. La EMA aconseja seguir.(DWTV hoy 11/3)
51	Son genios. Por un peso, vamos a pasar de 0% a 27%. Debe ser idea de M√≠nimo. https://t.co/FbZTS866Wn
51	@spitta1969 Muchos diputados no pasan una prueba PISA de matem√°ticas. Solo aprueban lo que manda el jefe, para seguir perteneciendo a la casta pol√≠tica. Y gracias a la nefasta lista s√°bana, los ciudadanos no podemos impedir su reelecci√≥n.
52	Har√≠a un chiste f√°cil con el apellido, pero este tipo es una tragedia. A esto nos llevaron los je√±os del voto. https://t.co/XhNBrWRckj
52	@spitta1969 Este tipo no quiere aplicar la receta cubana... Es el plan estrat√©gico de La C√°mpora! Todo el poder centralizado en unos pocos y millones de pobres recibiendo migajas de sus manos. Los nuevos jerarcas del partido √∫nico.
53	Har√≠a un chiste f√°cil con el apellido, pero este tipo es una tragedia. A esto nos llevaron los je√±os del voto. https://t.co/XhNBrWRckj
53	@spitta1969 Por IOMA no te atiende casi ning√∫n m√©dico o te cobra mil + el bono. Cubre medicamentos a monto fijo, los precios suben y la cobertura no., equivale al 30%. Estudios modernos, cirugias complejas, pr√≥tesis importadas? NO, olvidate.
54	Har√≠a un chiste f√°cil con el apellido, pero este tipo es una tragedia. A esto nos llevaron los je√±os del voto. https://t.co/XhNBrWRckj
54	@spitta1969 Ch√°vez ten√≠a un m√©dico cubano que era esp√≠a, lo vigilaba a √©l, su salud y manejaba el cambio de programa de la salud social. Nosotros miramos, la oposici√≥n se queja en twitterlandia, ellos van por todo y la pandemia da un marco especial, todo sin vacunas.
55	Har√≠a un chiste f√°cil con el apellido, pero este tipo es una tragedia. A esto nos llevaron los je√±os del voto. https://t.co/XhNBrWRckj
55	@spitta1969 Este tipo pretende hacer con nuestro sistema de salud lo que en Cuba? Ah√≠ la gente se muere en las calles, s√≥lo tienen atenci√≥n m√©dica los privilegiados del r√©gimen, por Dios, que no se llegue a √©so, basta de estos delinkuentes!!!
56	Har√≠a un chiste f√°cil con el apellido, pero este tipo es una tragedia. A esto nos llevaron los je√±os del voto. https://t.co/XhNBrWRckj
56	@spitta1969 Jam√°s te podr√≠as haber recibido en Cuba. El promedio para cursar en infinitamente superior al que nunca tuviste. Mejor qued√°te con tu curro de asesora en el Congreso,  renunci√°, tus compa√±eros s√≥lo piden respeto y que tengas un poco de dignidad.
57	Har√≠a un chiste f√°cil con el apellido, pero este tipo es una tragedia. A esto nos llevaron los je√±os del voto. https://t.co/XhNBrWRckj
57	@spitta1969 El kirchnerismo tiene que desaparecer para que este pa√≠s cambie. Han saqueado la dignidad y moral  de un pueblo sin pensamiento critico .Subsidian la pobreza y promueven la comodidad de una sociedad ignorante. Dan asco ellos y quienes los votan .
58	Har√≠a un chiste f√°cil con el apellido, pero este tipo es una tragedia. A esto nos llevaron los je√±os del voto. https://t.co/XhNBrWRckj
58	@spitta1969 El que pued√© decide y puede tener cobertura privada de salud,...y la ineptitud para manejar los sist de salud publicos,genera esto,querer usar los sistemas privados...bloqueando la libertad de decisi√≥n de otros...
59	Har√≠a un chiste f√°cil con el apellido, pero este tipo es una tragedia. A esto nos llevaron los je√±os del voto. https://t.co/XhNBrWRckj
59	@spitta1969 Ahhh...monopolizar la salud? ..ioma no tiene convenio con muchos especialistas,estudios, clinicas, por que pagan miserias...buscan esclavizar profesionales y cl√≠nicas,  pagando miserias y dejar a los pacientes a la deriva sin prestaci√≥n?....
60	Har√≠a un chiste f√°cil con el apellido, pero este tipo es una tragedia. A esto nos llevaron los je√±os del voto. https://t.co/XhNBrWRckj
60	"@spitta1969 El chiste es que Cuba es tan lindo para vivir!! Pensemos en el ""yacht para todos"" que sirvi√≥ a muchos para huir a Florida y a otros para morir abogados. #Peronia es un reino con un gran pasado por delante. Ellos tiene OSDEüëá https://t.co/MwDp6c0PZL"
61	Har√≠a un chiste f√°cil con el apellido, pero este tipo es una tragedia. A esto nos llevaron los je√±os del voto. https://t.co/XhNBrWRckj
61	@spitta1969 Estos son los t√≠picos que militan por la Salud Publica pero tienen las m√°s caras prepagas. Quieren precarizar a los profesionales de la Salud y darles un servicio p√©simo al afiliado, y ellos cobrando sueldos alt√≠simos. HIPOCRITAS.
62	Har√≠a un chiste f√°cil con el apellido, pero este tipo es una tragedia. A esto nos llevaron los je√±os del voto. https://t.co/XhNBrWRckj
62	@spitta1969 Otro eslab√≥n m√°s , no vamos hacia Venezuela , vamos directo a lo que es Cuba hoy , si no hay un cimbronazo en la sociedad argentina , seremos un pa√≠s con un gobierno, no socialista , directamente comunista , sin escalas ..
63	Har√≠a un chiste f√°cil con el apellido, pero este tipo es una tragedia. A esto nos llevaron los je√±os del voto. https://t.co/XhNBrWRckj
63	@spitta1969 Ninguno de ellos se atiende ni por IOMA, cosa que a algunos les corresponde, ni se atiende en hospitales p√∫blicos/!?? No tienen ni idea lo que es... Todos pagan prepagas y se atienden en los hospitales privados de capital!! Son unos sinverg√ºenza
64	Har√≠a un chiste f√°cil con el apellido, pero este tipo es una tragedia. A esto nos llevaron los je√±os del voto. https://t.co/XhNBrWRckj
64	"@spitta1969 Giles milita por un sistema de salud regulado e intervenido por el Estado . Mientras se gesta, apuntala su cobertura de IOMA. ""Fue a una √≥ptica conocida a hacerse anteojos por OSDE. El d√≠a en que le sangre algo, no va a ir a un hospital p√∫blico""üòÉ‚úåÔ∏è"
65	Har√≠a un chiste f√°cil con el apellido, pero este tipo es una tragedia. A esto nos llevaron los je√±os del voto. https://t.co/XhNBrWRckj
65	@spitta1969 Lejos estamos los argentinos de querer soslayar nuestros derechos teniendo una medicina como la cubana que pretende este tipo. Los cubanos ni siquiera tienen acceso a un simple analg√©sico de forma digna, se lo tienen que llorar como limosna a los turistas
66	Clar√≠simo este gr√°fico de @mmbarrionuevo sobre los (buen√≠simos)efectos de la vacunaci√≥n en personal de salud en CABA. https://t.co/GxLdkmnHcY
66	@leandrocahn @mmbarrionuevo Interesante el segundo gr√°fico tambi√©n, donde muestra contagios en poblaciones total y contagios en personal de salud, ah√≠ se nota bien q, a√∫n con contagios total subiendo, en personal de salud desciende. Datos preliminares pero potentes, la vacunaci√≥n es la diferenciaüôÇ
67	"""Brasil se est√° convirtiendo en una amenaza para la salud p√∫blica global"" https://t.co/iIwks4Itpn Ya vendr√°n tiempos mejores, Brasil. https://t.co/IpWFcZFJv9"
67	@ernestorr A mi me parece que a Lula lo libera la derecha, para hacerse cargo del desastre saben que se hunde el barco.  Deben haber convencido a un grupo de poder de la derecha diciendole,si fracasa la culpa ser√° de la derecha.. si triunfa volveremos a hacer negocios, porque ahora no lo es
68	La vacuna rusa no tiene datos, en la ANMAT no se puede confiar y menos que menos en el gobierno.  Ah, pero cuando les dec√≠s que militaron contra la vacuna se enojan.
68	"@NicoOlsze La vacuna es mala, muy mala, igual a falopa o veneno. As√≠ debe ser hasta q se presenten las cosas como corresponde. Si no es la t√≠pica √©pica de ""empezamo a vacunahh primerooo"", con ese crterio el CDS ser√≠a bueno. Y a este ritmo vacunamos la poblaci√≥n en 2047"
69	Los invito a ver el #MinutoSalud, el resumen con las acciones de gesti√≥n del @msalnacion m√°s destacadas de la semana.¬†  #ArgentinaUnida https://t.co/z92MD7MzL7
69	@ginesggarcia @msalnacion Jaka estupido, en chile 2 millones de vacunas en un vuelo. Aca en tres  600000 y 20000 gratis a Bolivia. Las vas a duplicar con agua?
70	Los invito a ver el #MinutoSalud, el resumen con las acciones de gesti√≥n del @msalnacion m√°s destacadas de la semana.¬†  #ArgentinaUnida https://t.co/z92MD7MzL7
70	"@ginesggarcia @msalnacion Europa est√° cuestionando sino prohibiendo el uso de tapabocas ""caseros"", estos tipos  mandan a la gente a meterse a un subte o a un tren con barbijos hechos de medias rotas. Todo lo que dijeron el a√±o pasado era verso. Este a√±o sin vacunas #Alberto env√≠a a el pueblo a morir."
71	Los invito a ver el #MinutoSalud, el resumen con las acciones de gesti√≥n del @msalnacion m√°s destacadas de la semana.¬†  #ArgentinaUnida https://t.co/z92MD7MzL7
71	@ginesggarcia @msalnacion Sus manos est√°n manchadas de sangre inocente, si no se arrepiente Dios juzgar√° su obra y pagar√° todo el mal que ha hecho; no deseo su mal si no que Dios le hable y usted pueda ver el mal que ha hecho, imponiendo una agenda de muerte ! busque a Dios el cual ser√° amplio en perdonar
72	Los invito a ver el #MinutoSalud, el resumen con las acciones de gesti√≥n del @msalnacion m√°s destacadas de la semana.¬†  #ArgentinaUnida https://t.co/z92MD7MzL7
72	@ginesggarcia @msalnacion Fuerza Gin√©s que los que critican son los mismos perros amarillos que no supieron gobernar en 4 a√±os que se les presto el gobierno y los que bajaron los presupuestos de Salud y Educaci√≥n! Contales la situaci√≥n de la Uni√≥n Europea y EE.UU.
73	Los invito a ver el #MinutoSalud, el resumen con las acciones de gesti√≥n del @msalnacion m√°s destacadas de la semana.¬†  #ArgentinaUnida https://t.co/z92MD7MzL7
73	"@ginesggarcia @FernandezAnibal @msalnacion ¬°LOS MEJORES ARGENTINOS NO DEJAMOS PASAR POR ALTO, DEDICIONES QUE CONSIDERAMOS ERR√ìNEAS POR PARTE DE CUALQUIER POL√çTICO ""SIN EXCEPCI√ìN"". EJ: LA LEY PARA TRANS Y LA DEL ABORTO LEGAL: 2 PUNTOS EN CONTRA DE LA ""GRAN MAYORIA DE VOTANTES ARGENTINOS""!"
74	Una vez por d√≠a entro a la app Vacunate de PBA para ver si ya tengo mi turno como docente. Despu√©s me acuerdo de que vivo en CABA.
74	@NicoOlsze Deber√≠a darte verg√ºenza divulgar que la vacunaci√≥n en PBA es mayor que en CABA.  Vos ten√©s la suerte de vivir en CABA, te invito a vivir en Palomar para que veas lo que es el conurbano. No solo en el tema vacunas, sino en seguridad, servicios p√∫blicos, etc... No seas caradura. https://t.co/aAdIt6BuF1
75	Una vez por d√≠a entro a la app Vacunate de PBA para ver si ya tengo mi turno como docente. Despu√©s me acuerdo de que vivo en CABA.
75	@NicoOlsze Tres veces por d√≠a entro al spam para ver si tengo mi turno de vacunaci√≥n porque  trabajo en un hospital p√∫blico y tengo 63 a√±os. Despu√©s me acuerdo que el hospital est√° en CABA y al igual que los docentes,  dependo del criterio caprichoso de su gobierno.
76	Una vez por d√≠a entro a la app Vacunate de PBA para ver si ya tengo mi turno como docente. Despu√©s me acuerdo de que vivo en CABA.
76	@NicoOlsze Hasta donde tengo entendido en caba se esta vacunando a personas m√°s expuestas (personal de salud ) y los adultos mayores ( mayor mortalidad acumulada) ... lo cual consider√≥ una estrategia sanitaria adecuada..vos crees que deber√≠as estar vacunado antes que alguien de esos grupos?
77	Por qu√© no ponen los nombres de todos los q murieron x la p√©sima y criminal  gesti√≥n k? O los q van a morir x falta de vacunas?
77	@spitta1969 El miercoles acompa√±e a mi hermana a vacunarse, partido de Moron, parecia mas un acto electoral que una campa√±a de vacunacion. En el vacunatorio de Moron entraban y salian militantes como si fuera un domingo se elecciones, repartisn agua y traian sillas.
78	Por qu√© no ponen los nombres de todos los q murieron x la p√©sima y criminal  gesti√≥n k? O los q van a morir x falta de vacunas?
78	@spitta1969 El peronismo solo ha servido para cargar a la gente con d√°divas degradantes mientras ellos se cargan con d√≥lares. No cambiar√°n m√°s, por eso debe ser eliminado, no tiene derecho a la funci√≥n p√∫blica  La idiotez argentina no parece percibirlo.
79	Por qu√© no ponen los nombres de todos los q murieron x la p√©sima y criminal  gesti√≥n k? O los q van a morir x falta de vacunas?
79	@spitta1969 @MarulaG2015 hay que llenarle la plaza de bolsas mortuorias con los nombres delos fallecidos  Otra es llenarle la reja de la rosada y del congreso con cintas negras con los nombres
80	Por qu√© no ponen los nombres de todos los q murieron x la p√©sima y criminal  gesti√≥n k? O los q van a morir x falta de vacunas?
80	@spitta1969 Se√±ora @spitta1969 el ex gobierno de Cambiemos ¬øpusieron los nombres de todos los que murieron de hambre,ancianos sin sin medicamentos por culpa de la p√©sima administraci√≥n de Macri y su gabinete de in√∫tiles?
81	Simple: esperamos los datos. O mejor: los entes regulatorios (serios) los esperan! Por ahora, no hay nada. https://t.co/yMfQ694ObP
81	@spitta1969 leyendo el trail de la SputnikV en lancet dice especificamente que se testeaba previamente para que no haya embarazadas, aca pagina 12 empezo a decir que se podian vacunar las embarazadas ...
82	Otro corte de luz. Gracias Cristina! Gracias Alberto! Hasta la destrucci√≥n de todo siempre, manga de in√∫tiles!
82	@spitta1969 En Paso del Rey ya hay falta de agua desde la semana pasada.  Durante el d√≠a no hay presi√≥n.  La mujer de Massa que inaugura obras q hizo la gesti√≥n anterior. Es ingeniera o tiene algun curso de agua o contaminaci√≥n o no se de maestra jardinera?
83	Otro corte de luz. Gracias Cristina! Gracias Alberto! Hasta la destrucci√≥n de todo siempre, manga de in√∫tiles!
83	@spitta1969 Verg√ºenza ajena me dan tus comentarios, con Macri aumentaron 500% y se cortaba igual. Por favor, se supone que tenes cerebro, sos del conicet, seguis cobrando  sin trabajar?  Con Macri no existir√≠a el conicet.
84	Si el hijo de 6 a√±os sabe de vacunas y ciencia, entonces debe estar de acuerdo conmigo. Salvo que escuche a la mami. https://t.co/URHqW7NUj3
84	@spitta1969 Una est√∫pida importante. Porque si la Ciencia experimenta algo que afecta a la sociedad, cree que est√°s impedida de denunciarlo. Y ese chip fascista de decir, sino piensa igual al resto, √©chenla, que la despidan, no se puede ser diferente, pensamiento √∫nico
85	Si el hijo de 6 a√±os sabe de vacunas y ciencia, entonces debe estar de acuerdo conmigo. Salvo que escuche a la mami. https://t.co/URHqW7NUj3
85	@spitta1969 Sandra pitta ....trabaja.? Hace algo?... twtea el d√≠a como un troll macrista Rentado e intentando envenenar conciencias....seguramente acupa su mente en como destruir durante gran parte del d√≠a laboral...deja de pelotudear y ponete a producir o renuncia!
86	Si el hijo de 6 a√±os sabe de vacunas y ciencia, entonces debe estar de acuerdo conmigo. Salvo que escuche a la mami. https://t.co/URHqW7NUj3
86	@spitta1969 Otra vez esta se√±ora !!! parece pretender que el Conicet solo sea para un partido pol√≠tico, la poblaci√≥n toda bien Gracias miramos solamente y acallar todas las voces que no sean afines. No vale darle cr√©dito a personas que fomentan la dictadura.
87	Si el hijo de 6 a√±os sabe de vacunas y ciencia, entonces debe estar de acuerdo conmigo. Salvo que escuche a la mami. https://t.co/URHqW7NUj3
87	"@spitta1969 Ac√° podemos ver otro esp√©cimen el cual lee e interpreta lo que quiere. No creo haber le√≠do en ning√∫n momento la palabra ""no se vacunen"". Lo cual es muy diferente de: busquen datos certeros de lo que est√°n dando, miren la eficacia. Al final la ciencia es eso: DATOS."
88	Si el hijo de 6 a√±os sabe de vacunas y ciencia, entonces debe estar de acuerdo conmigo. Salvo que escuche a la mami. https://t.co/URHqW7NUj3
88	@spitta1969 El d√≠a que se entere que laboratorios de primer√≠sima l√≠nea vendieron f√°rmacos, que finalmente fueron desestimados e incluso terminaron en enormes juicios, a sabiendas, solo para recuperar la inversi√≥n...
89	Est√° reunido el comit√© de vacunaci√≥n contra el coronavirus en el que participan el presidente y todos los ministros üëá https://t.co/uViwzyEch6
89	@norabar Porque pol√≠ticamente y econ√≥micamente y sanitariamente  es inviable esta etapa a√∫n. Los pa√≠ses como USA y UK donde se colocan no VENDEN, colaboran con la vacunaci√≥n gratuita para acelerar el ritmo de vacunaci√≥n. Son vacunas aprobadas en emergencia sanitaria. √âse es otro motivo
90	Est√° reunido el comit√© de vacunaci√≥n contra el coronavirus en el que participan el presidente y todos los ministros üëá https://t.co/uViwzyEch6
90	@norabar Me imagino el di√°logo: che ya vacunaste a tu viejo y a tu hija?, quedan militantes por vacunar? alguno quiere una embajada? A Quien carajo ponemos en justicia? No tenemos un peso donde ponemos una central china para que nos manden vacunas? Che Macri, che es mas complejo
91	Tibios, abstenerse. Esto es demasiado crudo para ustedes. La verdad suele ser cruda. Excelente @fpedrosa2  https://t.co/75kx7zuvyL
91	@spitta1969 @fpedrosa2 Es algo as√≠ como que nuestra sociedad decidi√≥ ser como el avestruz. Para no ver, entierra la cabeza. El problema es que ser√° feliz no viendo la realidad. Pero el culo igual le queda al aire expuesto a esa realidad que la interpela sin ser vista.
92	Tibios, abstenerse. Esto es demasiado crudo para ustedes. La verdad suele ser cruda. Excelente @fpedrosa2  https://t.co/75kx7zuvyL
92	@spitta1969 @fpedrosa2 Lo grotesco de todo esto es que tomes la capsula azul o la roja se sigue viendo lo nefasto de este pseudogobierno y lo mas triste es que cada vez se embanderan m√°s con mentiras, es como ver pasar volando un elefante rosa y se asombran del color
93	Tibios, abstenerse. Esto es demasiado crudo para ustedes. La verdad suele ser cruda. Excelente @fpedrosa2  https://t.co/75kx7zuvyL
93	@spitta1969 @sandra022M @fpedrosa2 Hola sra Sandra, le podr√≠a pedir un favor? Me podr√≠a pasar informaci√≥n de la vacuna vhp , si tiene . Informes de c√≥mo reaccionan las ni√±as con ellas en nuestro pa√≠s. Desde ya gracias üôÇ
94	D√≥lar oficial o blue en 2015? Estos chiques tan ingenuos. https://t.co/ugrgzi2jnl
94	"@spitta1969 Recuerdo a una cient√≠fica en la mesa de Mirtha diciendo, en el 2019, ""que si fuera por el sector de ciencia y t√©cnica deber√≠a votar a los Fernandez, porque el sector esta muy abandonado"". Sandra, te suena?"
95	Se dedica al teatro y le gusta inventar. Ojal√° Pfizer me contratar√° Edu! Que buena noticia ser√≠a para m√≠. Y no seas tan iletrado https://t.co/itInJFFgEf
95	@spitta1969 Es tarado, hdp o se educo durante el kirnerismo ?. El problema de la Sputnik es que no dicen NADA de fase 3, mientras que la mayor√≠a de las otras hacen informes preliminares. ?Acaso no estan militando los efectos adversos en Israel√≠?
96	Excelente noticia! Mercado negro para alquileres cada vez mas altos. Gracias Inquilinitos eternizados!! https://t.co/Dobxgr2js9
96	@spitta1969 Pitta y su futurologia...Si,podes negrearlo pero donde salte la laucha y quieras legalizar algun quilombo doble problema. Viste que la negrada redacta por mano propia un contrato y no termino ni el cbc... Pais de dipys y pitras...
97	Excelente noticia! Mercado negro para alquileres cada vez mas altos. Gracias Inquilinitos eternizados!! https://t.co/Dobxgr2js9
97	"@spitta1969 Los alquileres ya est√°n en negro. ""Inquilinitos""?  Sandra, ya has pasado a formar parte de los personajes medi√°ticos que fugazmente brillan a fuerza de papelones.  Lo que te faltaba era militar la evasi√≥n. ¬°Nada de que preocuparse si ten√©s todo en regla!"
98	Repudiemos a Goya. Es de mal gusto, no? https://t.co/unZRjmy5vY Ay, no, que los coreacentristas se asustan! Y despu√©s qui√©n les lee sus sopor√≠feras notas? https://t.co/UO53aPHGuM
98	@spitta1969 Quien no ley√≥ de Jack el destripador? Descubrimiento de una v√≠ctima de Jack el Destripador en Whitechapel, London, ilustraci√≥n de ‚ÄúLe Journal Illustre‚Äù (13 Febrero 1891 https://t.co/niOlHQlffz
99	Repudiemos a Goya. Es de mal gusto, no? https://t.co/unZRjmy5vY Ay, no, que los coreacentristas se asustan! Y despu√©s qui√©n les lee sus sopor√≠feras notas? https://t.co/UO53aPHGuM
99	@spitta1969 Es lo primero que pens√© cuando le√≠a las cr√≠ticas de gente del 41%, falta mucho recorrido por pasillos de museos, el arte est√° lleno de ejemplos a√∫n m√°s fuertes que la instalaci√≥n en Plaza de Mayo.
100	Repudiemos a Goya. Es de mal gusto, no? https://t.co/unZRjmy5vY Ay, no, que los coreacentristas se asustan! Y despu√©s qui√©n les lee sus sopor√≠feras notas? https://t.co/UO53aPHGuM
100	@spitta1969 Hace unos a√±os gan√≥ el premio Petrobr√°s una obra que representaba la muerte. Era una bolsa con un par de zapatos, objetos personales y un calamar en descomposici√≥n para recrear el olor de un cad√°ver. Valoraron el s√≠mbolo y ahora lo repudian.
101	Est√°n pr√°cticamente dando un golpe de estado, y todos preocupados x mis palabras y x las bolsas. Son realmente rid√≠culos.
101	"@spitta1969 ""La ONU le pidi√≥ explicaciones al Gobierno de Macri por la persecuci√≥n a jueces y fiscales La ONU envi√≥ una carta a Canciller√≠a por la persecuci√≥n a, entre otros, Alejandra Gils Carb√≥ y Alejo Ramos Padilla. "" Que raro que no hablaras de un golpe de estado ac√°"
102	Est√°n pr√°cticamente dando un golpe de estado, y todos preocupados x mis palabras y x las bolsas. Son realmente rid√≠culos.
102	"@spitta1969 El poder judicial ya se rearm√≥ y reaccion√≥. Se abroquelaron y van a resistir. Ser√≠a la √∫nica puerta de entrada posible para la runfla, si quieren hacerlo a lo Chaves. Al congreso s√≠ tenemos que "" engordarlo "" nosotros , sino somos cartera."
103	Est√°n pr√°cticamente dando un golpe de estado, y todos preocupados x mis palabras y x las bolsas. Son realmente rid√≠culos.
103	@spitta1969 As√≠ es como desv√≠an la atenci√≥n de los cabeza de termo. Ese es el formato. Intentan transformar a Macri en criminal, se indignan con las bolsas tergiversando el sentido... ESO HACE ESTA LAKRA. BAZOFIA Y RELATO PURO.
104	Est√°n pr√°cticamente dando un golpe de estado, y todos preocupados x mis palabras y x las bolsas. Son realmente rid√≠culos.
104	@spitta1969 Hay que difundir los hechos, las consecuencias, pero  las personas se quedan en lo superficial. Tampoco el Ciudadano tiene las herramientas para revertir las cosas que vienen ya sucediendo, por m√°s que lo entendamos, que podemos hacer?
105	Est√°n pr√°cticamente dando un golpe de estado, y todos preocupados x mis palabras y x las bolsas. Son realmente rid√≠culos.
105	@spitta1969 Persecuci√≥n de jueces con juicios pol√≠ticos, jueces de la Corte por decreto, Nombramientos arbitrarios de jueces, Ataques a los jueces laborales, Reemplazo del fiscal de la causa del Correo, etc Adivina en que gobierno paso esto y no te vi preocupada
106	Est√°n pr√°cticamente dando un golpe de estado, y todos preocupados x mis palabras y x las bolsas. Son realmente rid√≠culos.
106	@spitta1969 Segu√≠s con beca vos? Yo creo que ya es hora de q nos muestres cu√°l es el sentido de mantenerte a vos como becaria de ConiceT. Quer√©s mostrarnos tu aporte? Tu trabajo cient√≠fico? o pedimos info al ConiceT directamente?. Eleg√≠.
107	Est√°n pr√°cticamente dando un golpe de estado, y todos preocupados x mis palabras y x las bolsas. Son realmente rid√≠culos.
107	"@spitta1969 Iba a decir que tus palabras preocupan xq de una cient√≠fica se espera argumentos sensatos  y menos agresi√≥n, pero al leer que dec√≠s ""est√°n pr√°cticamente dando un golpe de Estado"" me doy cuenta de que no se puede esperar nada de eso"
108	Est√°n pr√°cticamente dando un golpe de estado, y todos preocupados x mis palabras y x las bolsas. Son realmente rid√≠culos.
108	@spitta1969 @spitta1969, la verdad que no sumas.  Muy por el contrario  hace rato ven√≠s pat√≠n barranca abajo, restando y haci√©ndole el juego a los K.  Siempre es bueno tomarse un tiempo para reflexionar, hacelo
109	Est√°n pr√°cticamente dando un golpe de estado, y todos preocupados x mis palabras y x las bolsas. Son realmente rid√≠culos.
109	@spitta1969 No Sandrita, nos da miedo tus dientes, tenemos pesadillas con esa deformidad espantosa. Asi que tranqui Sandri, es lo que mas preocupa a la poblacion. De paso, no era que te ibas ? Que paso, no te quieren en ning√∫n lado x tu aspecto de zombie ?
110	Est√°n pr√°cticamente dando un golpe de estado, y todos preocupados x mis palabras y x las bolsas. Son realmente rid√≠culos.
110	@spitta1969 @en2501 PERO HACEN ESO PORQUE SON EXPERTOS SE LLAMA CREAR UN FALSO POSITIVO Y UDS SE LO DAN SERVIDO HAGANSE CARGO ESTABA MAL HECHO Y SABEN QUE VAN A MANIPULAR USANDO LOS DDHH
111	Est√°n pr√°cticamente dando un golpe de estado, y todos preocupados x mis palabras y x las bolsas. Son realmente rid√≠culos.
111	@spitta1969 PRINCIPIO DEL M√âTODO DE CONTAGIO Reunir diversos adversarios en una sola categor√≠a o individuo; Los adversarios han de constituirse en suma individualizada. GOEBBELS Todo parecido de los KK con el nazismo no es casual
112	Est√°n pr√°cticamente dando un golpe de estado, y todos preocupados x mis palabras y x las bolsas. Son realmente rid√≠culos.
112	@spitta1969 Hoy hubo una fuerte reaccion de los Magistrados contra el https://t.co/XrJqRKNSo6 van a poder avanzar si cada sector se defiende fuertemente.Tenemos que estar muy atentos y preparados para defendernos de los ataques kirchneristas.
113	Est√°n pr√°cticamente dando un golpe de estado, y todos preocupados x mis palabras y x las bolsas. Son realmente rid√≠culos.
113	@spitta1969 Se creen due√±os del Pa√≠s, con la sociedad Rural y Clar√≠n....  los golpes los dieron ustedes  violaron y robaron beb√©s, bombardearon el Puerto Mar de Plata y Plaza de mayo... con los militares que ustedes liberales Facistas q ustedes defienden
114	Est√°n pr√°cticamente dando un golpe de estado, y todos preocupados x mis palabras y x las bolsas. Son realmente rid√≠culos.
114	@spitta1969 Es evidente que no usas el pensamiento cient√≠fico para decir lo que decis. Cientos de investigadores tanto de la historia, como de las Ciencias Sociales han investigado sobre lo que opinas M√°s respeto entonces No s√© como el @CONICETDialoga  te sigue manteniendo
115	Est√°n pr√°cticamente dando un golpe de estado, y todos preocupados x mis palabras y x las bolsas. Son realmente rid√≠culos.
115	"@spitta1969 Un gran segmento de la prensa busca desviar la atenci√≥n de la poblaci√≥n con el tema ""bolsas"", evita hablar del autoritarismo de los K y la pretensi√≥n de limitar el poder de la Justicia. Por eso üëá #SeRobaronLasVacunas #ElPeorGobiernoDeLaHistoria"
116	Est√°n pr√°cticamente dando un golpe de estado, y todos preocupados x mis palabras y x las bolsas. Son realmente rid√≠culos.
116	@spitta1969 @GRACIELAVIBBOT Sandra estuviste perfecta, hay q pisarlos asi nos fue pq dejaron accionar a Cristina. Laje es un bye  periodista pero son  cobardes, q ponga el oanotra mejilla. Los k tiran con armas pesadas. Ghandi muri√≥.
117	Est√°n pr√°cticamente dando un golpe de estado, y todos preocupados x mis palabras y x las bolsas. Son realmente rid√≠culos.
117	@spitta1969 @Simon30762121 A trav√©s del Club de los Gorilas se viene adelantando lo que iba a suceder. Todos correctos, no escuchan o son c√≥mplices.
118	Est√°n pr√°cticamente dando un golpe de estado, y todos preocupados x mis palabras y x las bolsas. Son realmente rid√≠culos.
118	@spitta1969 La verdad me sorprende que una persona tan formada como usted juegue este papel. No se cuanto le pagaran, pero esta haciendo el rid√≠culo a cambio. Prenderse a este juego medi√°tico... el error de creer que en el Conicet s√≥lo hay gente seria.
119	Katz y su editorial en Clar√≠n ayer. Que obsesi√≥n con Cambiemos! Anda al psic√≥logo Katz para que te trate la culpa de haber votado a estos impresentables.
119	@spitta1969 @a_kukas Katz seguro que deseaba puestito estatal con Macri o con Albert y result√≥ despechado,lo mismo que Sarlo y Malamud, que da lecciones con el dedito levantado desde...Portugal! Lo peor es quienes les dan espacio.
120	Katz y su editorial en Clar√≠n ayer. Que obsesi√≥n con Cambiemos! Anda al psic√≥logo Katz para que te trate la culpa de haber votado a estos impresentables.
120	"@spitta1969 Es insoportable!! Cuando tenia el programa en Radio Nacional (un verdadero bodrio) durante  el gobierno anterior, solo hablaba loas de Macri! Marxista, pero de Groucho: ""si no le gustan mis principios, tengo otros"" Un chantapufi"
121	Katz y su editorial en Clar√≠n ayer. Que obsesi√≥n con Cambiemos! Anda al psic√≥logo Katz para que te trate la culpa de haber votado a estos impresentables.
121	@spitta1969 Pienso que la elecci√≥n del voto se respeta.  Cada uno sabr√° por qu√©. No se me ocurre descalificar el voto ajeno como si yo tuviera la verdad revelada.  En todo caso me recriminar√≠a no haber sabido presentar una opci√≥n mucho m√°s convocante y rica en expectativas.
122	La discusi√≥n sobre la vuelta a las clases presenciales tiene que ser honesta e informada, y no un rejunte de esl√≥ganes. Hay vidas en juego. https://t.co/9Y260kk8Xu
122	"@NicoOlsze Es una obviedad q todos queremos q se debata d esa manera. Que vicio el tuyo d aclarar obviedades como ""no un rejunte de esl√≥ganes"". Pareciera q la intenci√≥n d tus tweets es desprestigiar al q pide el regreso a clases en vez d concientizar sobre el tema, pero seguro q nada q ver"
123	Que abran las escuelas. Los padres y los maestros comprometidos deben trabajar para que esto ocurra. https://t.co/qZ9RQkZc8n
123	@spitta1969 Hay gente desinformada y gente que, en funci√≥n de su ambici√≥n por un puestito pol√≠tico, promueve desinformaci√≥n: #nuevosliderazgos #periodismo√©tico @nelsonalcastro  @edufeiok  @odonnellmaria  @ertenembaum  @Sietecase  @luisnovaresio  @Gatosylvestre   https://t.co/bwJtHuDBgL
124	Que abran las escuelas. Los padres y los maestros comprometidos deben trabajar para que esto ocurra. https://t.co/qZ9RQkZc8n
124	@spitta1969 Lo √∫nico diferencial de Argentina a nivel mundial era su Educaci√≥n... Instrumento de millones para el progreso y desarrollo social... En el a√±o 2020 se consolid√≥ su destrucci√≥n...
125	Que abran las escuelas. Los padres y los maestros comprometidos deben trabajar para que esto ocurra. https://t.co/qZ9RQkZc8n
125	@spitta1969 Claaaaaro, re que si. Copad√≠simo el razonamiento üëç Totalmente, que abran las escuelas, que se propague m√°s el el virus con millones de ni√±es en las au√±as y que muera el que tenga que morir, no? Por favor! Lo que militan los padres con tal de no aguantar a los chiques ü§¶
126	Que abran las escuelas. Los padres y los maestros comprometidos deben trabajar para que esto ocurra. https://t.co/qZ9RQkZc8n
126	@spitta1969 Se√±ora, no se rid√≠cula, no ve que estamos en pandemia?? Tanto odia al pa√≠s? O su odio por el peronismo llega tan lejos que es capaz de exponer a chicos y grandes con tal de romper los huevos?? Un poco de respeto por los miles de muertos.
127	Que abran las escuelas. Los padres y los maestros comprometidos deben trabajar para que esto ocurra. https://t.co/qZ9RQkZc8n
127	@spitta1969 Pero un ni√±o podr√° estar m√°s de dos horas con tapabocas, antiparras ? No correr√°n y abrazaran yo besaran a sus compa√±eritos?  No s√© sacaran los tapabocas y se pondr√°n a jugar? No pueden aprender algo de los padres? Su ejemplo?
128	Que abran las escuelas. Los padres y los maestros comprometidos deben trabajar para que esto ocurra. https://t.co/qZ9RQkZc8n
128	@spitta1969 No. Ya se agot√≥ la instancia deliberativa. Ahora a la acci√≥n. Docente que no quiere asistir al establecimiento, va para afuera. El gobierno no lo echa, nosotros lo expulsamos. C√≥mo? Aislarlo en su barrio. No te vendo comida. No te llega delivery. No a todo.
129	¬øC√≥mo no est√° cancelado @ernestorr por toda la bosta que ha tirado? Ustedes tienen la vara de la cancelaci√≥n medio en doble est√°ndar.
129	@yamilsantoro @ernestorr ¬ø‚ÄùMedio‚Äù doble est√°ndar?  Hace meses q piden q echen a Sandra Pitta del CONICET pero ‚Äúpobre Resnik, mir√° lo q le hacen c/ su trabajo‚Äù.  Lo del LunaPark es usual en Pcia, m√°s esc√°ndalo x vacunatorio VIP  (que contin√∫a hoy) ... pero ‚Äúque renuncie Quir√≥s‚Äù (y no Gollan o Vizzotti).
130	Yaneer Bar-Yam, experto mundial en sistemas complejos, sugiere que vacunemos en farmacias y no en hospitales. https://t.co/fQKJRcExwQ
130	@rquiroga777 La campa√±a de vacunaci√≥n antigripal de PAMI se hace en farmacias. Estan distribuidas ampliamente en todo el pa√≠s, tienen horarios amplios, pero sobre todo profesionales capacitados para administrar y conservar las vacunas.
131	Yaneer Bar-Yam, experto mundial en sistemas complejos, sugiere que vacunemos en farmacias y no en hospitales. https://t.co/fQKJRcExwQ
131	@rquiroga777 Se podr√≠a hacer en cualquier lugar que se prepare, ¬øno? ¬øQu√© ser√≠a lo especial de una farmacia? Cuando arranco el invierno se hizo campa√±a de vacunaci√≥n de gripe al aire libre en PBA, con distancia, barbijo y al aire libre.
132	Yaneer Bar-Yam, experto mundial en sistemas complejos, sugiere que vacunemos en farmacias y no en hospitales. https://t.co/fQKJRcExwQ
132	@rquiroga777 Pero el problema ac√° no es el recurso humano, es la infraestructura y log√≠stica tengo entendido. Estas vacunas no se pueden guardar en cualquier heladera (que es lo que hay en una farmacia de barrio). Incluso en La Plata no se vacuna en todos los hospitales.
133	Yaneer Bar-Yam, experto mundial en sistemas complejos, sugiere que vacunemos en farmacias y no en hospitales. https://t.co/fQKJRcExwQ
133	@rquiroga777 creo que depender√≠a de la vacuna, no s√© si eso ser√≠a tan buena idea en el caso de la vacuna de pfizer. no ten√©s forma de saber si la persona no va a tener una reacci√≥n al√©rgica y aunque sean pocos cuando vacunas a mucha gente van a saltar casos.
134	Todos los labs pidieron lo mismo en todo el mundo. Y ac√° se lo concedieron a todos. No propaguen mentiritas. https://t.co/GqSyUWgj7U
134	@spitta1969 Est√° mentirita tambi√©n se la dijeron al equipo actual de #lanatasinfiltro y no tuvieron la inquietud de verificar lo que les dicen. El perionismo actual es solo una repetidora oficialista, les ponen el micr√≥fono y se dejan decir cualquier cosa. cc @martintetaz
135	Si hace calor, ventanas y puertas abiertas. Si hace fr√≠o, ventanas y puertas abiertas. Que el ciclo lectivo empiece con el menor da√±o posible.
135	@NicoOlsze Y si vacunamos la poblaci√≥n?, pr√©stamos el pa√≠s, hospitales y brazos de personas para tener la campa√±a de vacunaci√≥n m√°s pedorra del mundo. Tuvimos la pedorrada pand√©mica m√°s pat√©tica de todas, 50 mil muertos, la cuarentonta. Est√°n con la epica todo el tiempo y se arrastran
136	Si hace calor, ventanas y puertas abiertas. Si hace fr√≠o, ventanas y puertas abiertas. Que el ciclo lectivo empiece con el menor da√±o posible.
136	@NicoOlsze En Holanda, donde ayer hac√≠an -10 ¬∫ una entrevistada me cont√≥ que su hija va a la escuela y tienen todo abierto, les dan una manta, adem√°s del abrigo que llevan. Solo est√°n cursando el √∫ltimo a√±o de primar√≠a y de secundar√≠a ya q rinden un ex√°men. Las universidades est√°n cerradas.
137	Che @norabar porque directamente no empiezan la construcci√≥n del Muro? Al menos ser√≠an m√°s honestos en cuanto a sus verdaderas intenciones.
137	@GekkoLeeson @norabar Hay que construir un muro en donde est√° la l√≠nea roja gruesa. Ellos en Argentina del Norte (un gran feudo al estilo Insfr√°n que tanto les gusta) y nosotros en Argentina del Sur, una Rep√∫blica moderna, pr√≥spera y abierta al mundo, estilo Australia o Canad√°. Y todos felices. https://t.co/wKlgD09yXC
138	Este tipo no sabe q un virus no distingue ideolog√≠as? Y q el contagio se puede dar en cualquier lugar? No escupas p arriba peque√±a rata. https://t.co/SZD3G7WFyV
138	@spitta1969 Rata, muy bien definido. Estos k de üí©est√°n todos muy frustrados porqu√© se les cay√≥ el circo de gobierno que votaron y se agarran de cualquier cosa para desviar la atenci√≥n del fracaso de las vacunas y de como fundieron la econom√≠a.
139	Este tipo no sabe q un virus no distingue ideolog√≠as? Y q el contagio se puede dar en cualquier lugar? No escupas p arriba peque√±a rata. https://t.co/SZD3G7WFyV
139	"@spitta1969 Le pas√≥ al ‚öΩtudo de Recalde x ejemplo. Brandoni es un tipo serio, correcto y respetuoso, no es un opositor border o provocador, festejan su enfermedad solo x pensar distinto. Muy ""democr√°tico"" y ""buena"" persona Rial."
140	Si se difiere 2 a√±os, tb est√° todo OK. Si son 3 a√±os, es a√∫n mas efectiva. (hablando como Vizzotti) https://t.co/0IRbV8hQMd
140	@spitta1969 No es que falten vacunas, dice Vizzotti, procastinamos segunda dosis cient√≠ficamente porque est√° demostrado que ese m√©todo produce mayor liberaci√≥n de una nueva endorfina. Se llama resignina y ayuda a morir con toda felicidad.
141	Larreta: compr√° vacunas. Pod√©s. Anim√°te. Si necesit√°s ayuda, pesta√±e√° tres veces seguidas en la pr√≥xima conferencia de prensa.
141	@spitta1969 @juancristonomo Ayer dijo que no pod√≠a, es un cag√≥n. Que la Naci√≥n, que la diplomacia, sarasa. No tiene huevos para llamar a una laboratorio internacional, comprar las vacunas, cagarse en todo y salvar la vida de los habitantes de CABA @horaciorlarreta
142	Larreta: compr√° vacunas. Pod√©s. Anim√°te. Si necesit√°s ayuda, pesta√±e√° tres veces seguidas en la pr√≥xima conferencia de prensa.
142	@spitta1969 Pero tras que le recortaron la coparticipaci√≥n, tiene que ayudar al gobierno nacional comprando las vacunas ??? Lo que tiene que hacer es una conferencia de prensa denunciando la no entrega de vacunas en CABA !!!
143	Larreta: compr√° vacunas. Pod√©s. Anim√°te. Si necesit√°s ayuda, pesta√±e√° tres veces seguidas en la pr√≥xima conferencia de prensa.
143	@spitta1969 @horaciorlarreta @FernanQuirosBA tomen el consejo de @spitta1969 . Hay que despegarse de estos inoperantes lo m√°s posible!!! El resto del mundo conf√≠a gracias a @mauriciomacri
144	Larreta: compr√° vacunas. Pod√©s. Anim√°te. Si necesit√°s ayuda, pesta√±e√° tres veces seguidas en la pr√≥xima conferencia de prensa.
144	@spitta1969 Siiiii...basta q   tengamos los porte√±os q depender de la miserable cantidad q le da presidencia. No ponga la otra  mejilla..lo van a seguir cacheteando. Conviertase en Halc√≥n .Los porte√±os lo necesitamos basta de ser paloma!!!
145	Larreta: compr√° vacunas. Pod√©s. Anim√°te. Si necesit√°s ayuda, pesta√±e√° tres veces seguidas en la pr√≥xima conferencia de prensa.
145	@spitta1969 @la_gran_gra Esto creo que lo pide toda la ciudad que no haya sido vacunada no podemos esperar, quizas si nos unimos todos seria un gran salto. Se que estas cosas cuestan pero como dicen a veces hay que ver costo beneficio.
146	Larreta: compr√° vacunas. Pod√©s. Anim√°te. Si necesit√°s ayuda, pesta√±e√° tres veces seguidas en la pr√≥xima conferencia de prensa.
146	@spitta1969 No es posible.Por que el Estado de la Kampora,No lo permite.Teoricamente Caba est√° autorizada.Pero en la pr√°ctica ,no la https://t.co/jzPVY04fWS m√°s a√∫n si se pagar√°n desde afuera( para no esperar al BCRA), te las incautaron en la aduana.
147	Larreta: compr√° vacunas. Pod√©s. Anim√°te. Si necesit√°s ayuda, pesta√±e√° tres veces seguidas en la pr√≥xima conferencia de prensa.
147	"@spitta1969 Puede, s√≠. Pero ser√≠a tirar la guita al tacho. Apenas lleguen, el ""gobierno"" federal las confisca (como hizo con los respiradores d Mendoza), les pone el cartelito d La C√°mpora, y las reparte en nombre d los delincuentes ü§¶"
148	Larreta: compr√° vacunas. Pod√©s. Anim√°te. Si necesit√°s ayuda, pesta√±e√° tres veces seguidas en la pr√≥xima conferencia de prensa.
148	@spitta1969 Pero como ahora pedis que se corte solo y compre veneno que a vos no te convencia ?? Que ridicula tendras el titulo q tendras pero sos una analfabeta nunca escuchaste bisiquiera te ocupaste de leer que nadie mas q los estados nacionales pueden comprar vacunas.
149	Larreta: compr√° vacunas. Pod√©s. Anim√°te. Si necesit√°s ayuda, pesta√±e√° tres veces seguidas en la pr√≥xima conferencia de prensa.
149	@spitta1969 Sandra desde M√àxico comento con lo que se ha informado aqu√≠ a trav√©s de m√©dicos. Las vacunas con aprobaci√≥n de emergencia s√≥lo las distribuyen a los gobiernos nacionales. No ser√° por eso que no las pueden comprar?
150	Larreta: compr√° vacunas. Pod√©s. Anim√°te. Si necesit√°s ayuda, pesta√±e√° tres veces seguidas en la pr√≥xima conferencia de prensa.
150	@spitta1969 No vaya q CABA ponga la guita para q la gestapo peronista se las incaute y se la termine mandando a isfran, para despu√©s decir q Formosa fue la primera en aplicar la vacuna Pfizer, as√≠ son estos nazis hijos de goebbels, miente miente q algo quedara
151	Larreta: compr√° vacunas. Pod√©s. Anim√°te. Si necesit√°s ayuda, pesta√±e√° tres veces seguidas en la pr√≥xima conferencia de prensa.
151	@spitta1969 comprar puede el tema como es un bien humanitario si compraran 200 mil al ingresar el estado las puede disponer como bien com√∫n y al tratar de salud tiene la potestad de distribuci√≥n lo mismo si las compra un privado
152	Larreta: compr√° vacunas. Pod√©s. Anim√°te. Si necesit√°s ayuda, pesta√±e√° tres veces seguidas en la pr√≥xima conferencia de prensa.
152	@spitta1969 O sea que encima que de los impuestos nacionales garpamos las vacunas de todo el pa√≠s, queres que Larreta nos siga subiendo impuestos para comprar vacunas para caba. No me parece buena idea. Que siga esperando las de Alberto y que lo siga dejando en falta a √©l
153	Larreta: compr√° vacunas. Pod√©s. Anim√°te. Si necesit√°s ayuda, pesta√±e√° tres veces seguidas en la pr√≥xima conferencia de prensa.
153	@spitta1969 Ya est√° dicho ,este gobierno de mierda de Albertitere, subsiste porque la oposici√≥n es de cuarta,Larreta  le hace departamentos a los villeros con el esfuerzo de la plata de la cada vez m√°s pobre clase media  y no lo votan,dejate de joder  Larreta .
154	Larreta: compr√° vacunas. Pod√©s. Anim√°te. Si necesit√°s ayuda, pesta√±e√° tres veces seguidas en la pr√≥xima conferencia de prensa.
154	@spitta1969 Art 6. Ley27573:  Id√©ntico tratamiento recibir√°n las vacunas que eventualmente puedan adquirir las provincias y la Ciudad Aut√≥noma de Buenos Aires.
155	Larreta: compr√° vacunas. Pod√©s. Anim√°te. Si necesit√°s ayuda, pesta√±e√° tres veces seguidas en la pr√≥xima conferencia de prensa.
155	@spitta1969 Ojal√° tenga los huevos para hacerlo, CABA es el √∫nico estado dentro de la Naci√≥n que podr√≠a saltar el real default , tomar un cr√©dito caro tipo 6 % con bonos y comprar , pero debe mostrar determinaci√≥n Larreta #argentinacausaperdida
156	Larreta: compr√° vacunas. Pod√©s. Anim√°te. Si necesit√°s ayuda, pesta√±e√° tres veces seguidas en la pr√≥xima conferencia de prensa.
156	@spitta1969 Y que las pague el que puede no?? Por qu√© no renuncia a su beca o puesto en el Conicet ( el Estado), y nos ahorra un gasto innecesario!!! Y porque no miran la vacunaci√≥n en la Pcia. de Bs. As?? Y ya que es ud. tan mercader, por qu√© no se pone un kiosco??
157	Larreta: compr√° vacunas. Pod√©s. Anim√°te. Si necesit√°s ayuda, pesta√±e√° tres veces seguidas en la pr√≥xima conferencia de prensa.
157	@spitta1969 Estas desbocada querida!! No me queda claro tu objetivo... Es politico, es llamar la atencion berreando cualquiera...?? Las compras de vacunas... En el mundo, son de estado a estado!! Si fuera del mercado estariamos al horno!!
158	Larreta: compr√° vacunas. Pod√©s. Anim√°te. Si necesit√°s ayuda, pesta√±e√° tres veces seguidas en la pr√≥xima conferencia de prensa.
158	@spitta1969 @PobreClaseMedia Y si las paga la ciudad naci√≥n nunca le va a dar la plata. Y la pr√≥xima de gripe va a decir ps√°guensela ustedes q son ricos. La obligaci√≥n del gobierno es darla gratis para todos. Sino, es siempre lo mismo como no hacen no les exigimos nada.
159	Larreta: compr√° vacunas. Pod√©s. Anim√°te. Si necesit√°s ayuda, pesta√±e√° tres veces seguidas en la pr√≥xima conferencia de prensa.
159	@spitta1969 @Gabriel34769876 Ud sabe que las vacunas se pagan en d√≥lares? Donde podr√≠a conseguir la CABA esos d√≥lares? ü§î Saludos!!
160	Larreta: compr√° vacunas. Pod√©s. Anim√°te. Si necesit√°s ayuda, pesta√±e√° tres veces seguidas en la pr√≥xima conferencia de prensa.
160	@spitta1969 Me parece que en esto te est√°s equivocando, Sandra. Cornejo y Petri presentaron un proyecto para que Caba y las provincias puedan comprar vacunas, pero es dif√≠cil que lo aprueben. Y si Larreta las compra, lo m√°s probable es que se las queden ellos.
161	Larreta: compr√° vacunas. Pod√©s. Anim√°te. Si necesit√°s ayuda, pesta√±e√° tres veces seguidas en la pr√≥xima conferencia de prensa.
161	@spitta1969 La responsabilidad de las vacunas ¬øNo es competencia del gobierno nacional? Tengo entendido que en CABA las obras sociales ponen su personal para la aplicaci√≥n de las vacunas y NO las administran. Lo hace el ente correspondiente
162	Larreta: compr√° vacunas. Pod√©s. Anim√°te. Si necesit√°s ayuda, pesta√±e√° tres veces seguidas en la pr√≥xima conferencia de prensa.
162	@spitta1969 Todav√≠a no se fue del pa√≠s como hab√≠a prometido? Mire que est√° a tiempo de que nos ahorremos un sueldo del CONICET y encima los periodistas macristas recomiendan irse justamente a sus tierras charr√∫as, aproveche se√±ora, de paso deja de hacer papelones!!
163	Larreta: compr√° vacunas. Pod√©s. Anim√°te. Si necesit√°s ayuda, pesta√±e√° tres veces seguidas en la pr√≥xima conferencia de prensa.
163	@spitta1969 Si a los que no nos la dieron Larreta les dice la puedo comprar pero hay que pagarla yo la pago y muchos la pagar√≠an tambi√©n.  Y en d√≥lares si hace falta xque el gob nacional te vende hasta 200 dolares
164	La Uni√≥n Europea inicia una inspecci√≥n de las plantas de AstraZeneca por el retraso en la entrega de vacunas üëá https://t.co/3yznPWxWQq
164	"@norabar Es la versi√≥n ""industria farmac√©utica"" de la b√∫squeda de armas de destrucci√≥n masiva en Irak: cuando el desacuerdo es demasiado grande es necesario que la raz√≥n de las tensiones parezca tener una conspiraci√≥n como motivo. Y conste que en esto no hay santos. Pero de ah√≠ al crimen"
165	¬øQu√© dicen los especialistas en vacunas sobre la autorizaci√≥n de la Anmat para inmunizar a los mayores de 60 con la Sputnik V? https://t.co/Dpg4YBiPKI
165	"@norabar El Informe de CONICET,  ""Uso de Plaguicidas para la Producci√≥n de Agroalimentos - Impacto Colateral Adverso en la Salud Humana y Ambiental"" muestra la  total inoperancia de ANMAT y SENASA, y la urgencia de reconocer el envenenamiento generalizado de alimentos en Argentina https://t.co/HuCSNriru7"
166	Todo listo para el desabastecimiento. Volvemos a los 70! Viva Per√≥n! ‚úåÔ∏è https://t.co/lgWBr6b03t No para de perder neuronas este individuo.
166	@spitta1969 @abobadinhoss Don Alberto...a Ud lo votaron para que gobierne el Pa√≠s, para que lo haga crecer junto con las econom√≠as particulares y de las empresas, para Proteger a sus ciudadanos...ME PARECE QUE ESO, NO LE EST√Å SALIENDO muy bien que digamos !!!
167	Todo listo para el desabastecimiento. Volvemos a los 70! Viva Per√≥n! ‚úåÔ∏è https://t.co/lgWBr6b03t No para de perder neuronas este individuo.
167	@spitta1969 Alguien sabe qu√© investiga,que resultados produjo , qu√© c@rajo hace √©sta √±oqui car√≠sima en el conicet ?? repito:  Alguien sabe qu√© investiga,que resultados produjo , qu√© c@rajo hace √©sta √±oqui car√≠sima en el conicet ??
168	Todo listo para el desabastecimiento. Volvemos a los 70! Viva Per√≥n! ‚úåÔ∏è https://t.co/lgWBr6b03t No para de perder neuronas este individuo.
168	@spitta1969 Tranquilos que los √∫ltimos 50 a√±os de historia nos han demostrado que el estado todo lo soluciona. Gracias buf√≥n por seguir repitiendo los fracasos que han venido empobrecido sistem√°ticamente por d√©cadas...
169	Todo listo para el desabastecimiento. Volvemos a los 70! Viva Per√≥n! ‚úåÔ∏è https://t.co/lgWBr6b03t No para de perder neuronas este individuo.
169	@spitta1969 Gran HDP!!! No entienden nada, nos transformaron en una gran Villa y siguen insistiendo con la misma receta...ahh, y si la Corte est√° desprestigiada es por qu√© no mete presos todos los delincuentes K empezando por la Jefa de la Banda
170	Todo listo para el desabastecimiento. Volvemos a los 70! Viva Per√≥n! ‚úåÔ∏è https://t.co/lgWBr6b03t No para de perder neuronas este individuo.
170	@spitta1969 ¬øY la z√°ngana de Mayra Mendoza que hizo? Vio que el precio era el correcto, pero no se percat√≥ que la estanter√≠a estaba vac√≠a. INEPTA! Su mejor logro, fue pintar gomas de colores para decorar un basura...UN BASURAL!
171	Todo listo para el desabastecimiento. Volvemos a los 70! Viva Per√≥n! ‚úåÔ∏è https://t.co/lgWBr6b03t No para de perder neuronas este individuo.
171	@spitta1969 El Estado nunca resolvi√≥ nada durante los gobiernos Peronistas. A este personaje todav√≠a le queda decretar la veda de circulaci√≥n de autos seg√∫n la patente y tenemos un revival de los '70 a full, sin el olor a p√≥lvora (bueno, casi).
172	Todo listo para el desabastecimiento. Volvemos a los 70! Viva Per√≥n! ‚úåÔ∏è https://t.co/lgWBr6b03t No para de perder neuronas este individuo.
172	@spitta1969 Creo que hay unos 70 a√±os de ejemplos en los cuales las resoluciones del estado no han funcionando. El peronismo es el √∫nico animal que tropieza 70 veces con la misma piedra y sigue probando las mismas recetas.
173	Todo listo para el desabastecimiento. Volvemos a los 70! Viva Per√≥n! ‚úåÔ∏è https://t.co/lgWBr6b03t No para de perder neuronas este individuo.
173	@spitta1969 Se cree q el Pa√≠s es un partido pol√≠tico &gt; FERNADEZ Y FERN√ÅNDEZ &gt;&gt;&gt;&gt;&gt; NADIE LES VA A DAR UN DLS ESTAMOS AISLADOS DEL MUNDO &gt;&gt;&gt;&gt; YA EMPEZ√ì HACE RATO EL DESABASTECIMIENTO AHORA ES M√ÅS EVIDENTE ! Hola buen d√≠a
174	Todo listo para el desabastecimiento. Volvemos a los 70! Viva Per√≥n! ‚úåÔ∏è https://t.co/lgWBr6b03t No para de perder neuronas este individuo.
174	@spitta1969 @yayiiii15 Q el Gobierno diga estas barbaridades, bueno, no podemos esperar otra de estos. Pero q un Pasqu√≠n lo difunda y titule como lo hace.  O son demasiado est√∫pidos o buscan la confrontaci√≥n?
